year,chinese_code,name,landfall_time,month,in_jjaso,landfall_lat,landfall_lon,landfall_wind_speed,landfall_pressure,landfall_wind_category,landfall_region,landfall_region2,max_wind,lmi_category,genesis_time,genesis_lat,genesis_lon,formation_region,track_length_km,pre_landfall_track_km,ocean_residence_days,phase_landfall,amp_landfall,group_landfall,active_landfall,phase_genesis,amp_genesis,group_genesis,active_genesis,tcp_total,tcp_depth,affected_area,n_days,coastal_total,coastal_depth,coastal_area,inland_total,inland_depth,inland_area
1960,6001,Mary,1960-06-08 18:00:00,6,True,22.148899595115317,113.88667469633648,35.0,970.0,2,South China,South China,45.0,2,1960-06-02 06:00:00,17.8,115.4,South China Sea,8699.863320520071,1635.8047965944531,6.5,1.0,1.1084788868941629,1-2,True,7.0,1.555902604545494,7-8,True,54959.64193255668,68.28921087000987,804807.1025036982,16,46061.60932385131,99.36805358181991,463545.4521198211,8898.032608705373,26.07393065905937,341261.6503838771
1960,6005,Polly,1960-07-28 12:00:00,7,True,36.761675015030455,121.40627058116216,30.0,983.0,1,North China,East/North China,70.0,3,1960-07-17 00:00:00,16.5,129.2,Western Tropical WNP,5935.058686894899,2795.1118787106966,11.5,7.0,0.0750709430878032,7-8,False,2.0,2.1258718736043867,1-2,True,31375.691064541308,21.159598479413244,1482811.2686102046,16,21172.02788580738,24.548924124746136,862442.1900618149,10203.663178733928,16.447730119962813,620369.0785483898
1960,6007,Shirley,1960-07-31 18:00:00,7,True,24.672577481655946,121.8306525428028,50.0,950.0,2,East China,East/North China,70.0,3,1960-07-27 18:00:00,12.7,134.0,Western Tropical WNP,3857.873797788952,1931.6777879432088,4.0,5.0,1.1848257805741471,5-6,True,6.0,0.419458159575145,5-6,False,41410.12543691352,39.36396659944408,1051980.5043605117,11,33233.21611146248,57.734973411868665,575616.7215040352,8176.909325451044,17.165262389216235,476363.7828564765
1960,6008,Trix,1960-08-09 06:00:00,8,True,23.901145725157328,117.48968847358404,20.0,985.0,1,South China,South China,65.0,3,1960-08-02 06:00:00,10.6,137.8,Western Tropical WNP,4625.853481611987,3129.9021906791722,7.0,6.0,0.7899934845552569,5-6,False,5.0,1.74852031185504,5-6,True,63037.962696173694,65.45251094458317,963109.9217804829,13,47961.15262018911,82.90787820948968,578487.2759498439,15076.81007598459,39.19896615401936,384622.6458306389
1960,6012,Agnes,1960-08-14 06:00:00,8,True,24.61133275974638,121.86799655847828,25.0,994.0,1,East China,East/North China,25.0,1,1960-08-10 00:00:00,20.0,127.7,North WNP,2548.665380606231,1620.3967155018204,4.25,6.0,0.2966138200531539,5-6,False,6.0,1.0071576591249356,5-6,True,8709.401693077585,16.30832403276076,534046.3971393885,6,6781.146320570874,20.885340571061374,324684.49808124255,1928.2553725067114,9.210154193200061,209361.899058146
1960,6014,Carmen,1960-08-23 18:00:00,8,True,45.017397169760095,131.53739267294404,15.0,980.0,0,North China,East/North China,40.0,2,1960-08-14 06:00:00,22.5,126.0,North WNP,5244.109995593266,3715.3071756828003,9.5,7.0,0.5522550325092825,7-8,False,6.0,0.2966138200531539,5-6,False,25811.043866251955,39.93823380825481,646274.0438190607,12,22832.20563153952,43.98539174950896,519086.1038948098,2978.8382347124384,23.42076014822271,127187.93992425087
1960,6016,Elaine,1960-08-23 12:00:00,8,True,23.028129073093552,121.3306323315684,25.0,990.0,1,South China,South China,40.0,2,1960-08-17 18:00:00,21.5,117.0,North WNP,2859.3074519767933,1790.0703298153207,5.75,7.0,0.5522550325092825,7-8,False,5.0,0.583897884577503,5-6,False,20445.436812257205,36.795711715873004,555647.2713486722,10,17815.29466286254,56.75149071422432,313917.6511251937,2630.1421493946705,10.880512479037984,241729.6202234785
1960,6024,Kit,1960-10-11 12:00:00,10,True,19.48909434220125,110.80788679846958,35.0,980.0,2,South China,South China,50.0,2,1960-09-29 06:00:00,10.0,142.0,Eastern Tropical WNP,4644.780789718802,3928.5393290511715,12.25,6.0,1.4531081330791389,5-6,True,5.0,1.046795544242612,5-6,True,4928.4849499974,26.956784869962686,182829.10865565037,15,4928.42779396552,26.97323197309162,182715.508430065,0.057156031878353684,0.5031330843212132,113.60022558537176
1961,6103,Alice,1961-05-19 06:00:00,5,False,22.148500442504883,113.94411120944552,35.0,980.0,2,South China,South China,40.0,2,1961-05-15 00:00:00,11.5,121.0,Western Tropical WNP,5522.665529215621,1570.9515893383016,4.25,5.0,1.1059310600479055,5-6,True,4.0,1.4067431785408795,3-4,True,35880.123864270354,47.3158612932115,758310.69927957,9,28528.091285518563,66.03170554777516,432036.2627144011,7352.032578751793,22.53327798570369,326274.43656516884
1961,6104,Betty,1961-05-26 18:00:00,5,False,23.10584688026094,121.3788306239478,35.0,970.0,2,South China,South China,50.0,2,1961-05-21 00:00:00,9.0,135.0,Western Tropical WNP,8001.4883863486675,2294.387619025867,5.75,5.0,0.9183627363420848,5-6,False,5.0,0.9082894584975502,5-6,False,6429.5257945845715,18.707985036184997,343678.1557259415,12,6274.266328008683,22.098047644583602,283928.53653506143,155.2594665758891,2.5985013574712004,59749.61919088006
1961,6109,Doris,1961-07-02 00:00:00,7,True,23.42186347521636,116.83360239358773,20.0,986.0,1,South China,South China,20.0,1,1961-06-26 06:00:00,20.0,127.5,North WNP,2823.8728513717188,2362.7107349448133,5.75,6.0,1.623568263654837,5-6,True,4.0,1.7811982165503708,3-4,True,17251.80687678554,29.730258542312523,580277.7278990874,7,14408.78573992426,47.86009708428256,301060.52051148395,2843.0211368612822,10.182112927283386,279217.20738760335
1961,6110,Elsie,1961-07-15 00:00:00,7,True,23.22073258343865,116.67743595796472,15.0,992.0,0,South China,South China,50.0,2,1961-07-06 12:00:00,9.6,146.8,Eastern Tropical WNP,4539.910541174174,3755.4254905601656,8.5,8.0,1.2733154780339913,7-8,True,6.0,0.789369435969513,5-6,False,19496.930575708277,20.13911280070739,968112.6854318748,11,9218.276005405376,36.199140090203386,254654.55760647,10278.654570302906,14.406808429854017,713458.1278254048
1961,6111,Flossie,1961-07-19 12:00:00,7,True,22.2836910541241,114.50240325927734,15.0,995.0,0,South China,South China,25.0,1,1961-07-11 18:00:00,11.5,146.0,Eastern Tropical WNP,4385.576493633762,3950.7027636352586,7.75,3.0,0.5134374295048867,3-4,False,8.0,1.7284785926196318,7-8,True,7850.996942613003,14.205691572998758,552665.5919755192,10,5520.123458438431,17.225865419497012,320455.50827249046,2330.873484174572,10.0377789241724,232210.08370302885
1961,6115,June,1961-08-07 06:00:00,8,True,23.22843481229904,121.40862607508038,30.0,985.0,1,South China,South China,50.0,2,1961-08-01 00:00:00,11.6,134.0,Western Tropical WNP,2463.6607512154924,1959.2130756600761,6.25,3.0,0.769053032098975,3-4,False,3.0,0.7374474158249359,3-4,False,1841.2328314742638,6.697417990150881,274916.81632861384,8,1414.4796815060542,9.49248857036914,149010.41713353875,426.7531499682094,3.3894476587088533,125906.39919507506
1961,6120,Lorna,1961-08-25 00:00:00,8,True,22.44508159028674,120.93237761456987,45.0,970.0,2,South China,South China,65.0,3,1961-08-19 00:00:00,12.1,133.6,Western Tropical WNP,3239.5695721514217,1995.1415108198044,6.0,6.0,0.91422726109119,5-6,False,5.0,0.9499040591764012,5-6,False,51675.96960810857,46.71758356574733,1106135.3277269388,10,22402.373433607252,55.189753696006306,405915.44504806073,29273.59617450132,41.80629099320539,700219.8826788781
1961,6121,Olga,1961-09-09 18:00:00,9,True,22.75749479689292,115.04250520310708,35.0,980.0,2,South China,South China,35.0,2,1961-09-04 00:00:00,15.0,126.5,Western Tropical WNP,2490.3313616911546,1998.4282512811124,5.75,1.0,0.8664776146102409,1-2,False,1.0,0.9613839573966864,1-2,False,32071.394808347366,47.75236026641722,671619.0493918308,8,20029.52389177145,83.35578711797383,240289.54178578596,12041.870916575912,27.918031816117637,431329.50760604476
1961,6122,Pamela,1961-09-12 06:00:00,9,True,24.69360795532272,118.72045454296727,40.0,970.0,2,East China,East/North China,85.0,3,1961-09-05 00:00:00,18.0,155.0,Eastern Tropical WNP,4771.444969567829,4126.163357592795,7.25,2.0,0.7018997273892187,1-2,False,1.0,0.7838441518482151,1-2,False,22439.204917706884,31.035650926084774,723013.832419646,9,12322.12376837186,48.574543929401536,253674.5128534998,10117.081149335025,21.55600591633188,469339.3195661462
1961,6125,Sally,1961-09-29 06:00:00,9,True,22.57071014134943,114.91420282698854,20.0,990.0,1,South China,South China,40.0,2,1961-09-21 12:00:00,11.0,156.0,Eastern Tropical WNP,5181.446222993301,4637.8372509452165,7.75,5.0,0.6731285837785197,5-6,False,3.0,0.6316272538532015,3-4,False,24651.758558871064,39.63056169992959,622039.0905767774,10,18999.736943911175,50.25561531236039,378061.9703055985,5652.02161495989,23.16619529190979,243977.12027117875
1961,6126,Tilda,1961-10-04 06:00:00,10,True,28.93126790517217,121.57394341235651,25.0,980.0,1,East China,East/North China,60.0,3,1961-09-25 12:00:00,11.2,161.3,Eastern Tropical WNP,8797.065255644451,4811.900550223364,8.75,4.0,0.2715456936564693,3-4,False,4.0,0.8074366697191677,3-4,False,16767.02248030347,47.376841515268325,353907.56209233357,14,14575.079902299289,61.1384146367993,238394.79628126518,2191.9425780041784,18.97576049377348,115512.76581106836
1962,6205,Kate,1962-07-22 18:00:00,7,True,22.71780396407678,121.1098169970064,30.0,970.0,1,South China,South China,40.0,2,1962-07-16 12:00:00,14.9,124.1,Western Tropical WNP,3127.312318848824,1609.6380042625105,6.25,7.0,1.172070813995974,7-8,True,6.0,1.4221252264143338,5-6,True,33692.199505794,34.40134472976499,979386.119073496,11,20609.867420883835,43.90628922102494,469405.8137578751,13082.332084910173,25.652622167073037,509980.3053156209
1962,6208,Opal,1962-08-05 12:00:00,8,True,24.086243340123165,121.61283954921838,65.0,920.0,3,East China,East/North China,75.0,3,1962-07-30 00:00:00,8.5,152.6,Eastern Tropical WNP,10115.260920508197,3888.9758287232926,6.5,3.0,0.3118310122286253,3-4,False,6.0,0.8114699056446494,5-6,False,46074.641618650014,36.499302412335446,1262343.0743454006,15,33000.062458678825,46.079852193732314,716149.4858954307,13074.57915997119,23.93762840950813,546193.5884499699
1962,6209,Patsy,1962-08-10 12:00:00,8,True,19.603455777653675,110.96080890919244,35.0,975.0,2,South China,South China,35.0,2,1962-08-05 00:00:00,9.5,141.7,Eastern Tropical WNP,4614.674334582118,3673.9772976970967,5.5,1.0,0.4518198680766789,1-2,False,3.0,0.3118310122286253,3-4,False,21121.446528173645,29.920152668983278,705927.0974265178,8,18742.190801976532,43.02575188307649,435604.0273952419,2379.2557261971115,8.80152672845065,270323.07003127586
1962,6213,Wanda,1962-09-01 12:00:00,9,True,22.532300310959304,113.58694891164244,25.0,976.0,1,South China,South China,50.0,2,1962-08-25 00:00:00,6.6,155.0,Eastern Tropical WNP,5838.840956344599,4837.010737825666,7.5,4.0,0.858913427967573,3-4,False,1.0,1.3626834539915909,1-2,True,41104.37887608936,66.28872323561859,620081.016344013,12,31209.191045167467,90.44577116719361,345059.70420082647,9895.187830921896,35.97971282229242,275021.3121431866
1962,6214,Amy,1962-09-05 06:00:00,9,True,23.727710083176003,121.553014708884,40.0,960.0,2,South China,South China,65.0,3,1962-08-28 18:00:00,14.3,149.5,Eastern Tropical WNP,7488.628304631852,3400.260023609091,7.5,4.0,0.8580411582486444,3-4,False,1.0,1.3767967101649714,1-2,True,52857.519441270626,63.757476144656195,829040.3359340136,14,44405.39872673906,72.34459542745927,613803.954039177,8452.120714531562,39.26901502489121,215236.38189483664
1962,6216,Carla,1962-09-21 18:00:00,9,True,18.46896831561444,110.07814786046596,35.0,985.0,2,South China,South China,35.0,2,1962-09-18 06:00:00,15.0,119.7,South China Sea,1877.0000995272258,1124.928242185553,3.5,4.0,0.5014487086277848,3-4,False,4.0,0.7980214828496526,3-4,False,7115.059030005359,18.57535229166664,383037.63601820625,6,6973.650640708274,20.442291391261072,341138.4030896585,141.40838929708534,3.3749636786485806,41899.232928547775
1962,6217,Dinah,1962-10-03 18:00:00,10,True,22.89362321269064,116.19429941167388,20.0,985.0,1,South China,South China,50.0,2,1962-09-25 00:00:00,12.2,144.0,Eastern Tropical WNP,3811.7305090680375,3530.717552349581,8.75,7.0,1.2546927816883298,7-8,True,6.0,1.363799194816041,5-6,True,12019.569942393773,24.360168492457923,493410.78843995335,10,6761.50617367157,27.393886977399234,246825.36579237593,5258.063768722204,21.32349800838424,246585.42264757748
1963,6304,Trix,1963-07-01 00:00:00,7,True,23.224492621791704,116.79734778653751,30.0,985.0,1,South China,South China,35.0,2,1963-06-15 18:00:00,9.0,155.0,Eastern Tropical WNP,5667.209939691056,5177.251463903856,15.25,6.0,1.2416114499369062,5-6,True,8.0,0.2202567537436837,7-8,False,11431.246611563478,25.613828623449802,446291.99248635635,17,10224.457376535329,44.17547906652973,231450.96765418115,1206.7892350281506,5.617126598473658,214841.02483217514
1963,6306,Wendy,1963-07-16 06:00:00,7,True,23.9065760416038,121.60301250010777,35.0,960.0,2,South China,South China,70.0,3,1963-07-09 18:00:00,14.3,146.9,Eastern Tropical WNP,4022.538549975223,3235.465860259116,6.5,8.0,0.6953512632206784,7-8,False,8.0,0.9246269441873312,7-8,False,32700.660163625827,48.680977866622044,671733.8393082472,11,18332.467951395185,82.58503044529753,221982.9411280317,14368.19221223064,31.947000596035036,449750.89818021556
1963,6307,Agnes,1963-07-22 18:00:00,7,True,21.35167571630557,110.71578356031937,20.0,989.0,1,South China,South China,35.0,2,1963-07-15 06:00:00,10.0,145.5,Eastern Tropical WNP,4663.811750302486,3972.2811474509454,7.5,2.0,1.3566828788094203,1-2,True,1.0,0.8726401265819981,1-2,False,23874.118532168013,41.51764332462454,575035.4938380626,11,22588.980907768313,52.373215730390704,431307.8850084923,1285.1376243997001,8.941480588629245,143727.6088295703
1963,6317,(nameless),1963-07-31 18:00:00,7,True,18.67611729579824,110.3915425226891,15.0,998.0,0,South China,South China,20.0,1,1963-07-27 06:00:00,11.0,117.5,South China Sea,1760.044828607151,1278.824837259026,4.5,3.0,0.871476443792936,3-4,False,3.0,0.910774615281265,3-4,False,18044.856743535587,39.4751423447108,457119.4851170279,7,14678.20305685677,49.899258744462735,294156.7355143446,3366.653686678816,20.659038307140722,162962.74960268333
1963,6309,Carmen,1963-08-16 06:00:00,8,True,19.85241885428714,110.9897471873451,40.0,970.0,2,South China,South China,65.0,3,1963-08-07 18:00:00,9.3,145.5,Eastern Tropical WNP,4938.709211584368,4067.943509972205,8.5,6.0,0.7995295851069606,5-6,False,3.0,0.3904192551519543,3-4,False,21471.264326550758,35.12990180161945,611196.2523493578,12,19224.79132069292,44.422670239396986,432769.82714206795,2246.4730058578375,12.590472533695396,178426.42520728978
1963,6311,Faye,1963-09-07 18:00:00,9,True,20.052442873532318,110.7335500573631,35.0,968.0,2,South China,South China,55.0,3,1963-08-28 00:00:00,9.1,157.1,Eastern Tropical WNP,5878.050928481803,5214.658643313993,10.75,6.0,1.1378628741445702,5-6,True,5.0,1.2947318259768583,5-6,True,23875.058912131146,60.56083911815213,394232.630521379,13,23276.197101429232,68.55844230431683,339508.83828589605,598.8618107019082,10.9433536353792,54723.792235482935
1963,6312,Gloria,1963-09-12 18:00:00,9,True,26.3,119.79032815922936,30.0,985.0,1,East China,East/North China,70.0,3,1963-09-04 00:00:00,17.6,144.0,Eastern Tropical WNP,3605.7492565353823,2863.5114693390724,8.75,7.0,1.065829920555211,7-8,True,6.0,1.2811979935506208,5-6,True,34950.80086567503,58.07174673532943,601855.5120266741,12,31650.008728735418,90.28615228467099,350552.1935295612,3300.792136939613,13.13469379027533,251303.31849711295
1964,6402,Viola,1964-05-28 00:00:00,5,False,22.006154418756918,113.25213643402394,30.0,982.0,1,South China,South China,35.0,2,1964-05-23 18:00:00,15.6,112.0,South China Sea,1781.5949599271976,1010.9359393461518,4.25,7.0,1.8311802145218163,7-8,True,6.0,2.016459597606626,5-6,True,43516.55331459678,54.03454696825361,805346.8707744258,8,29033.149774972473,74.73757276328624,388467.9245194138,14483.403539624314,34.74246821465666,416878.94625501195
1964,6403,Winnie,1964-07-02 06:00:00,7,True,19.28936621483336,110.63190135549992,40.0,960.0,2,South China,South China,45.0,2,1964-06-24 18:00:00,8.6,142.1,Eastern Tropical WNP,4584.771790535117,3732.4227221778797,7.5,3.0,0.6507147316820153,3-4,False,8.0,0.5766813955729203,7-8,False,19144.16630580454,37.43440452814301,511405.6587012636,10,17849.15588604944,46.278836511666384,385687.22188056447,1295.0104197551,10.300879111327617,125718.43682069909
1964,6408,Flossie,1964-07-30 00:00:00,7,True,41.665409571648496,127.04672112260609,10.0,990.0,0,North China,East/North China,40.0,2,1964-07-24 00:00:00,18.0,128.0,Western Tropical WNP,3934.4672251786565,3076.298640580254,6.0,2.0,0.8272555618566976,1-2,False,2.0,2.361128071360799,1-2,True,28125.870292364158,27.16829645782533,1035246.0021196145,9,18103.77210522801,25.95536307691367,697496.3922323491,10022.098187136142,29.673159920099803,337749.60988726525
1964,6410,Helen,1964-08-03 18:00:00,8,True,39.44769034669618,122.51743655110128,20.0,995.0,1,North China,East/North China,75.0,3,1964-07-27 00:00:00,16.9,150.0,Eastern Tropical WNP,6155.71908767175,3856.469345645904,7.75,4.0,1.2599666930141888,3-4,True,2.0,1.8326353153915464,1-2,True,18316.69791064757,16.58578456299796,1104361.2583459688,10,8413.414557971522,14.222148621508772,591571.2725183838,9903.283352676048,19.31255216829804,512789.98582758504
1964,6411,Ida,1964-08-08 18:00:00,8,True,22.159499438468288,113.48265072999122,30.0,972.0,1,South China,South China,85.0,3,1964-08-01 12:00:00,6.5,150.0,Eastern Tropical WNP,5246.437085073888,4346.005113174209,7.25,4.0,1.4255028404861392,3-4,True,4.0,0.7491955695381053,3-4,False,47317.264033875355,46.402075966924286,1019722.9983331657,10,29593.825459862695,68.37123930053738,432840.26679373207,17723.43857401266,30.199284493382294,586882.7315394336
1964,6412,June,1964-08-14 18:00:00,8,True,20.5,110.51509769306791,12.0,999.0,0,South China,South China,20.0,1,1964-08-09 00:00:00,9.0,143.7,Eastern Tropical WNP,4920.183954497011,3846.8891687184937,5.75,5.0,0.6085364850130449,5-6,False,4.0,1.558642255754666,3-4,True,13648.720647164417,26.302881939700324,518905.9008231218,10,12346.230983078889,33.68814131345044,366485.9651413743,1302.4896640855259,8.545402268146356,152419.93568174742
1964,6415,Ruby,1964-09-05 12:00:00,9,True,22.217023500132623,113.54644908304596,25.0,980.0,1,South China,South China,45.0,2,1964-09-01 06:00:00,20.0,131.0,North WNP,2419.2422244980944,1927.3278572875558,4.25,2.0,1.877814606286295,1-2,True,2.0,1.612647521805136,1-2,True,25050.70396606344,32.06039928654347,781359.6999266892,6,18191.287394766598,52.44733207314011,346848.6703841875,6859.416571296846,15.786518879668376,434511.02954250167
1964,6416,Sally,1964-09-10 18:00:00,9,True,22.653419400830675,114.59026517676251,15.0,988.0,0,South China,South China,100.0,3,1964-09-03 00:00:00,8.9,157.9,Eastern Tropical WNP,5571.252025362215,4940.352230293843,7.75,3.0,1.4795684675527865,3-4,True,2.0,1.5725538628943632,1-2,True,17907.155686129703,24.280663546767155,737506.8499111899,9,13941.701292217362,48.656545785948076,286532.90255231597,3965.45439391234,8.793089749720574,450973.9473588739
1964,6423,Dot,1964-10-13 06:00:00,10,True,22.757979819720543,114.62872360358554,20.0,990.0,1,South China,South China,45.0,2,1964-10-03 18:00:00,7.0,156.0,Eastern Tropical WNP,9203.699030659474,5228.725479030896,9.5,7.0,1.4066563543997304,7-8,True,5.0,0.8644326526061438,5-6,False,29084.623540302015,41.85185284981734,694942.315807864,17,21246.44268284499,57.97559804824568,366472.1606694646,7838.180857457026,23.86268808548055,328470.1551383992
1965,6505,Babe,1965-06-05 06:00:00,6,True,23.54938470041458,120.14200110538955,,1002.0,0,South China,South China,35.0,2,1965-05-31 00:00:00,17.0,110.0,South China Sea,4876.980737235633,1788.1511538749655,5.25,6.0,1.0119691013653669,5-6,True,5.0,1.5665095839718972,5-6,True,7168.8161283243235,17.2603384027121,415334.6221298821,9,6021.015263931455,21.041235984249173,286153.11707157333,1147.800864392867,8.885179529955035,129181.50505830868
1965,6506,Dinah,1965-06-18 12:00:00,6,True,22.373724918711453,120.90477728750702,40.0,983.0,2,South China,South China,80.0,3,1965-06-10 06:00:00,10.0,151.0,Eastern Tropical WNP,8843.239465464467,3740.957843078217,8.25,4.0,0.2075987236176003,3-4,False,6.0,0.7459167453094359,5-6,False,4596.009549083938,18.125743076449083,253562.54525396912,15,4420.870455906915,19.83453984466654,222887.47258715337,175.13909317702363,5.709492364674621,30675.072666815733
1965,6508,Freda,1965-07-15 18:00:00,7,True,21.55174097356437,108.29602063185288,20.0,990.0,1,South China,South China,75.0,3,1965-07-06 06:00:00,8.0,144.0,Eastern Tropical WNP,4918.456853287351,4527.755641518161,9.5,5.0,1.474563433588679,5-6,True,6.0,0.3529548197811833,5-6,False,18502.076886121195,27.62016311559454,669875.7284193877,11,16725.262903932075,37.61081787774454,444692.8795406207,1776.8139821891245,7.890538693494009,225182.84887876696
1965,6509,Gilda,1965-07-23 06:00:00,7,True,21.614432455897006,111.985567544103,20.0,990.0,1,South China,South China,25.0,1,1965-07-13 06:00:00,4.9,150.0,Eastern Tropical WNP,6020.252291609835,5081.438689023644,10.0,7.0,1.930206796607444,7-8,True,5.0,1.333538033494886,5-6,True,16280.003885085996,21.723527666255936,749418.0565513954,12,14068.855586993803,29.74972013166642,472907.1576044349,2211.148298092196,7.996604497374008,276510.8989469607
1965,6510,Harriet,1965-07-28 06:00:00,7,True,36.72229063472514,121.3478796271762,15.0,997.0,0,North China,East/North China,45.0,2,1965-07-19 06:00:00,11.0,152.0,Eastern Tropical WNP,7758.766362507181,6226.68905690766,9.0,7.0,1.3598427747599091,7-8,True,6.0,1.4745899789428671,5-6,True,32813.45658981349,25.337387217837836,1295060.7853801283,11,22584.464786279572,35.70840636560232,632469.132199499,10228.99180353392,15.437851887254903,662591.6531806291
1965,6512,Jean,1965-08-07 18:00:00,8,True,46.63304616444147,134.0,20.0,985.0,1,North China,East/North China,65.0,3,1965-07-24 00:00:00,7.1,163.1,Eastern Tropical WNP,11166.742022185334,7397.561652303462,14.75,1.0,2.207700249977642,1-2,True,7.0,1.857739027705108,7-8,True,15136.47753099714,61.138900250324824,247575.23391855124,21,14018.1820973529,68.80238942788056,203745.57066868903,1118.2954336442374,25.51457964139737,43829.663249862235
1965,6513,Mary,1965-08-18 18:00:00,8,True,24.690555225460788,121.83148258179736,55.0,960.0,3,East China,East/North China,75.0,3,1965-08-14 00:00:00,19.8,138.5,Western Tropical WNP,3855.970142293453,1892.361021214977,4.75,1.0,0.413752939158085,1-2,False,8.0,0.9957806771468652,7-8,False,37347.28221425058,55.821187814772536,669052.0871425633,10,29272.39696924255,74.11548470437887,394956.56118286285,8074.885245008033,29.460113282532244,274095.52595970046
1965,6514,Nadine,1965-08-17 18:00:00,8,True,18.99804677825568,110.51757899569893,25.0,990.0,1,South China,South China,30.0,1,1965-08-14 06:00:00,16.5,115.5,South China Sea,1476.208387865482,890.1263398087148,3.5,1.0,0.3221901169981928,1-2,False,8.0,0.9957806771468652,7-8,False,5197.557076811693,29.816705885480346,174316.94489573763,6,5189.823282391425,30.126117406962532,172269.90163664403,7.733794420268215,3.7780317469658957,2047.0432590936164
1965,6517,Rose,1965-09-05 12:00:00,9,True,21.458723359120786,111.07080860993428,15.0,992.0,0,South China,South China,50.0,2,1965-08-30 00:00:00,15.1,138.7,Western Tropical WNP,3696.9583398645836,3056.4853859476443,6.5,5.0,0.5802977330052574,5-6,False,3.0,0.5135106696758868,3-4,False,13579.110152623556,22.384197560814705,606638.2373427071,8,11521.573765628353,27.594616703038866,417529.7627656316,2057.5363869952025,10.88019133778485,189108.47457707545
1965,6521,Agnes,1965-09-27 18:00:00,9,True,21.575130575465582,111.87460827360324,15.0,995.0,0,South China,South China,30.0,1,1965-09-21 18:00:00,15.4,119.0,South China Sea,2198.5087327878923,2048.156646559388,6.0,8.0,1.25281495649379,7-8,True,8.0,0.9423357762657462,7-8,False,22152.284294755256,64.21979257626535,344944.8122780515,9,21443.103531029607,103.86257605220655,206456.49613245894,709.1807637256558,5.120870723708528,138488.31614559254
1965,6522,Elaine,1965-11-13 06:00:00,11,False,20.026648151753182,110.7699861138149,9.5,1008.0,0,South China,South China,25.0,1,1965-11-05 00:00:00,7.8,112.1,South China Sea,2216.9090362916695,2119.4385393855255,8.25,7.0,1.2482379084209163,7-8,True,5.0,0.3237929202255536,5-6,False,11343.641226571997,45.336630916747595,250209.1795793674,9,11181.324589488282,55.81071365741713,200343.6949063687,162.3166370837165,3.255089931405166,49865.484672998646
1966,6603,Judy,1966-05-30 12:00:00,5,False,22.964379710072247,120.1592340577348,25.0,988.0,1,South China,South China,45.0,2,1966-05-22 00:00:00,13.0,111.5,South China Sea,7933.88327045766,2021.5535859385034,8.5,2.0,0.7392259064754466,1-2,False,8.0,1.0780783520142825,7-8,True,2590.8141619769426,12.426053641812546,208498.54963277216,14,2134.483821235683,11.843684906509678,180221.26036656892,456.33034074125953,16.137697515676,28277.289266203235
1966,6605,Lola,1966-07-13 18:00:00,7,True,22.148500442504883,114.037642288208,20.0,990.0,1,South China,South China,30.0,1,1966-07-08 06:00:00,11.0,127.0,Western Tropical WNP,3027.9537073125975,2650.1877960814245,5.5,4.0,0.7471510478926686,3-4,False,2.0,0.8674681754811491,1-2,False,14260.484874539397,31.625317900425728,450919.8901791096,7,11487.40406702166,52.76201378760445,217721.10733423964,2773.0808075177374,11.891489199420327,233198.78284486997
1966,6606,Mamie,1966-07-17 18:00:00,7,True,21.829847940625445,112.65851700187348,15.0,1000.0,0,South China,South China,35.0,2,1966-07-14 06:00:00,16.0,135.0,Western Tropical WNP,2911.376890530503,2470.258370193601,3.5,5.0,1.0641557902463492,5-6,True,4.0,0.765995386850819,3-4,False,8848.692329491261,16.147181950726743,548002.267918521,5,7644.42920290407,20.98497454721982,364281.08052753564,1204.263126587192,6.5548407545633,183721.18739098537
1966,6608,Ora,1966-07-26 12:00:00,7,True,21.4584926984468,109.44641168248512,30.0,978.0,1,South China,South China,45.0,2,1966-07-22 12:00:00,16.0,115.0,South China Sea,1904.3569085821566,1432.7912914086382,4.0,5.0,0.9901990233849854,5-6,False,4.0,0.9842434454008928,3-4,False,25686.61580067783,40.011346981675665,641983.28070389,6,23382.993538603954,61.502239271873215,380197.4337103151,2303.6222620738754,8.799644016394874,261785.84699357493
1966,6609,Phyllis,1966-08-01 18:00:00,8,True,18.200726817243083,109.69031442225564,15.0,998.0,0,South China,South China,20.0,1,1966-07-30 00:00:00,12.0,115.0,South China Sea,1662.2261893109267,998.1742166629018,2.75,5.0,0.5783760099004637,5-6,False,4.0,1.1263513353981969,3-4,True,5582.505548569659,16.524727670682235,337827.38571080985,5,5500.012614933737,17.179483494710908,320150.0567014741,82.49293363592358,4.666594913312836,17677.329009335735
1966,6611,Tess,1966-08-17 00:00:00,8,True,26.35479399095353,119.90639198793804,20.0,985.0,1,East China,East/North China,45.0,2,1966-08-11 06:00:00,24.8,134.0,North WNP,2199.9426840681695,1568.4589835882962,5.75,3.0,1.2720335350890042,3-4,True,2.0,0.2397008576143537,1-2,False,28296.75320790934,52.84531063534092,535463.8447140767,9,23074.736116815006,78.92675809785867,292356.3145493117,5222.0170910943325,21.480277009745993,243107.53016476502
1966,6612,Winnie,1966-08-26 06:00:00,8,True,39.60149575601853,122.8370325762442,12.0,1002.0,0,North China,East/North China,35.0,2,1966-08-18 06:00:00,26.5,131.9,North WNP,5160.718724571998,2803.6517598302635,8.0,4.0,1.09003809230959,3-4,True,3.0,1.0954858049553438,3-4,True,31716.809417889617,28.42483465756037,1115813.3301385327,12,14334.37065447165,25.055434625519776,572106.246357891,17382.43876341797,31.970226767232823,543707.0837806417
1966,6614,Alice,1966-09-03 12:00:00,9,True,26.4986606420827,119.7825883470751,12.0,990.0,0,East China,East/North China,60.0,3,1966-08-23 18:00:00,13.5,143.5,Eastern Tropical WNP,5037.212430882588,4584.943336384077,10.75,5.0,1.0734960616943068,5-6,True,3.0,0.8015980051413372,3-4,False,12191.79519215314,22.851625110107694,533519.8321085919,13,9535.659359208852,29.828206620516344,319685.97644921986,2656.1358329442874,12.421493428876838,213833.855659372
1966,6615,Cora,1966-09-07 00:00:00,9,True,26.92729257067076,120.15995634452432,35.0,978.0,2,East China,East/North China,65.0,3,1966-08-28 18:00:00,17.5,147.0,Eastern Tropical WNP,5307.65387576216,3791.8428800061247,9.25,6.0,0.7574171168360754,5-6,False,4.0,1.0772033000071914,3-4,True,23670.41265321177,46.02868860862022,514253.4660172523,13,20218.708259828,58.31944178960308,346688.98808685946,3451.7043933837695,20.599260869703087,167564.47793039292
1967,6702,Anita,1967-06-30 06:00:00,6,True,23.006222089397696,116.54844447765058,30.0,980.0,1,South China,South China,45.0,2,1967-06-24 00:00:00,10.0,142.0,Eastern Tropical WNP,3685.766273240743,3213.836412015117,6.25,5.0,1.4108746421743883,5-6,True,3.0,0.9646968563690416,3-4,False,6823.381749893552,18.256757655031013,373745.5400802362,7,5580.016196921626,29.100689987451844,191748.5873815266,1243.365552971925,6.831793250023686,181996.9526987097
1967,6704,Clara,1967-07-11 12:00:00,7,True,24.151422454443907,121.65772407288976,30.0,985.0,1,East China,East/North China,50.0,2,1967-07-02 00:00:00,20.3,154.7,North WNP,4132.573318901644,3719.313673521758,9.5,6.0,0.2731406459190741,5-6,False,5.0,1.1368095024843503,5-6,True,2903.5630498542923,13.568396628852328,213994.55877344057,11,2324.2152843352455,14.358351705537357,161872.01233125542,579.3477655190464,11.11510862504894,52122.54644218518
1967,6705,Dot,1967-07-30 00:00:00,7,True,40.73726043418633,122.0550685866087,10.0,1000.0,0,North China,East/North China,35.0,2,1967-07-20 00:00:00,21.5,147.3,North WNP,5115.087255994574,3741.349996314876,10.0,5.0,1.6837601440912575,5-6,True,4.0,0.7224057510133003,3-4,False,23863.283713938716,20.218311913395606,1180280.7185959052,12,16228.695613131034,22.305983137064725,727548.9949673921,7634.588100807676,16.863382224728294,452731.7236285134
1967,6706,Fran,1967-08-02 18:00:00,8,True,21.43383958178921,111.0112798605964,25.0,975.0,1,South China,South China,35.0,2,1967-07-27 18:00:00,16.4,113.4,South China Sea,2276.3431123200903,1588.6709602759372,6.0,5.0,1.628488813676813,5-6,True,5.0,1.5465749090875855,5-6,True,43620.52415162473,46.07146871304857,946801.2496695234,9,29206.99822092766,96.07991518701526,303986.5112711387,14413.525930697067,22.422519381881813,642814.7383983847
1967,6708,(nameless),1967-07-31 06:00:00,7,True,25.445765548469677,119.62540670918196,20.0,992.0,1,East China,East/North China,20.0,1,1967-07-29 18:00:00,25.0,127.5,North WNP,1113.0674591745537,847.9514905454005,1.5,5.0,1.6387177911196398,5-6,True,5.0,1.8073383015547992,5-6,True,3898.0068485304637,9.797791077834468,397845.47532850754,3,3399.362313906717,15.712582283616188,216346.5083299069,498.64453462374627,2.747368444403272,181498.96699860063
1967,6710,Iris,1967-08-17 00:00:00,8,True,21.526344823116936,111.66838621225968,9.5,995.0,0,South China,South China,25.0,1,1967-08-10 12:00:00,10.2,144.1,Eastern Tropical WNP,4531.502687531549,3837.322781258207,6.5,2.0,0.2628929985598301,1-2,False,5.0,0.337299205887881,5-6,False,33269.12392599646,40.211759395611196,827348.1296525296,9,26610.289959346577,60.954460487308154,436560.17536054365,6658.833966649882,17.03950670310218,390787.9542919859
1967,6711,Kate,1967-08-21 18:00:00,8,True,22.09779749462521,113.00220250537478,15.0,986.0,0,South China,South China,35.0,2,1967-08-16 06:00:00,13.9,132.1,Western Tropical WNP,2727.4641474613095,2368.420060596051,5.5,4.0,1.0000985054653715,3-4,True,2.0,0.322556979637055,1-2,False,18843.178210414568,30.944985041558397,608925.1032149028,7,13921.119882599496,48.410347820218455,287564.96305910405,4922.058327815071,15.316331158645893,321360.1401557987
1967,6714,Nora,1967-08-29 18:00:00,8,True,24.115608094521107,121.63293929109167,30.0,985.0,1,East China,East/North China,35.0,2,1967-08-25 06:00:00,15.5,140.2,Eastern Tropical WNP,3344.816025204075,2196.634430072448,4.5,6.0,1.2024483865356428,5-6,True,5.0,1.6768746149528118,5-6,True,19154.644590694294,22.133570329850034,865411.422795252,7,7923.727001023062,24.614752377440045,321909.67755927256,11230.917589671231,20.6639954482482,543501.7452359794
1967,6715,Patsy,1967-09-06 00:00:00,9,True,19.18246533425791,110.58958401109491,15.0,993.0,0,South China,South China,25.0,1,1967-09-03 00:00:00,21.0,124.0,North WNP,2120.8677663023936,1569.8674828481148,3.0,7.0,1.4784467604880027,7-8,True,7.0,1.996847303864704,7-8,True,9080.25611857047,35.565750516456,255308.9977496498,5,8978.028752335202,36.21285776883533,247923.7846857164,102.22736623526892,13.842168851499833,7385.2130639334255
1967,6720,Emma,1967-11-08 00:00:00,11,False,20.98552181244581,110.52895637510838,20.0,990.0,1,South China,South China,65.0,3,1967-10-30 00:00:00,6.5,150.0,Eastern Tropical WNP,4869.416670341547,4706.828702864088,9.0,7.0,0.405643297990987,7-8,False,8.0,1.655129635212404,7-8,True,6135.1130236485415,18.955165020405097,323664.4480300824,10,5511.846519259331,29.700208394666884,185582.75571726513,623.2665043892097,4.513751924311807,138081.69231281726
1967,6721,Gilda,1967-11-18 06:00:00,11,False,23.61528676063386,121.5253865592756,35.0,980.0,2,South China,South China,70.0,3,1967-11-07 06:00:00,9.2,160.3,Eastern Tropical WNP,5478.580807379054,4805.467335286553,11.0,8.0,1.144721919808255,7-8,True,7.0,0.7721270321235689,7-8,False,3976.7196369675603,16.811270414426424,236550.81019665106,13,3795.7497127339175,21.36694912155052,177645.84410909453,180.96992423364233,3.0722354370707574,58904.96608755652
1968,6803,Nadine,1968-07-28 12:00:00,7,True,23.045310966251684,120.07551827708612,15.0,994.0,0,South China,South China,35.0,2,1968-07-20 00:00:00,18.2,133.0,Western Tropical WNP,3018.7361362976753,2717.4427988598386,8.5,5.0,1.89320834177658,5-6,True,5.0,0.4415141752034883,5-6,False,3108.2542038681563,17.024413332626146,182576.2887177672,9,3079.0785950116374,18.552421184545427,165966.40214144002,29.175608856518362,1.756520655481185,16609.886576327186
1968,6807,Polly,1968-08-18 00:00:00,8,True,47.1608759115805,134.2225985414712,10.0,1000.0,0,North China,East/North China,40.0,2,1968-08-03 12:00:00,17.2,163.0,Eastern Tropical WNP,7658.0655438086915,7635.222672577687,14.5,6.0,1.3920119349504043,5-6,True,5.0,1.1263552881013554,5-6,True,9376.69129418134,28.247315481736134,331949.8201605752,16,8990.969185729851,30.11243405936174,298579.9543140759,385.72210845148913,11.558994879565944,33369.86584649941
1968,6806,Rose,1968-08-12 12:00:00,8,True,18.89016174506204,110.49290201316788,30.0,975.0,1,South China,South China,35.0,2,1968-08-05 00:00:00,15.0,141.0,Eastern Tropical WNP,3839.290740916898,3294.2582111844645,7.5,5.0,1.4923773532119775,5-6,True,5.0,0.709485462263428,5-6,False,9711.168880825064,34.56695276026828,280937.95100120053,9,9463.091874687098,35.686268738323584,265174.5954186759,248.0770061379657,15.737575977350044,15763.355582524591
1968,6808,Shirley,1968-08-21 12:00:00,8,True,22.148500442504883,114.22985676356724,35.0,965.0,2,South China,South China,40.0,2,1968-08-14 06:00:00,13.6,144.4,Eastern Tropical WNP,4265.239292855199,3533.041574264522,7.25,6.0,1.401117162621783,5-6,True,5.0,1.5479804679226303,5-6,True,42138.7216085826,43.09738180289824,977755.9528163456,10,23168.8162877708,69.78926158074347,331982.5394765837,18969.90532081181,29.375482063754678,645773.4133397618
1968,6811,Wendy,1968-09-08 18:00:00,9,True,21.04056649863053,110.54906397808844,30.0,980.0,1,South China,South China,70.0,3,1968-08-27 00:00:00,15.4,150.8,Eastern Tropical WNP,5054.654684143458,4527.2679391586635,12.75,5.0,0.3932325293678292,5-6,False,8.0,1.4801303760587918,7-8,True,9136.902757792272,18.18117377917933,502547.4630386982,14,8739.895852357824,20.974291637017096,416695.63881399273,397.0069054344499,4.624326961245906,85851.82422470547
1968,6814,Elaine,1968-10-01 12:00:00,10,True,22.960632486463,116.28582335138266,20.0,1003.0,1,South China,South China,75.0,3,1968-09-22 06:00:00,6.3,142.3,Eastern Tropical WNP,3653.077799290674,3489.4394997168433,9.25,8.0,0.122711894676115,7-8,False,8.0,0.388244711299818,7-8,False,7224.397976611908,23.39665242318597,308779.1298490448,11,6329.212384912576,36.993143158113284,171091.50087249244,895.1855916993319,6.501568792732849,137687.62897655234
1969,6903,Viola,1969-07-28 06:00:00,7,True,22.846890919130107,116.14237660186406,40.0,950.0,2,South China,South China,75.0,3,1969-07-20 00:00:00,4.0,151.0,Eastern Tropical WNP,5811.609505955212,4380.460524285741,8.25,6.0,1.0328283149597155,5-6,True,5.0,0.8490710542675007,5-6,False,70837.39070238707,56.40995154850147,1255760.530860957,12,49725.71782264951,83.89806703834587,592692.0557051955,21111.672879737544,31.83935546743977,663068.4751557615
1969,6906,Betty,1969-08-08 12:00:00,8,True,26.286518774647288,119.74044367605816,35.0,970.0,2,East China,East/North China,40.0,2,1969-08-04 00:00:00,9.7,142.5,Eastern Tropical WNP,3974.9968437399457,3042.5507766381365,4.5,1.0,1.688145648490261,1-2,True,8.0,0.9095861719740808,7-8,False,53143.99821229218,46.677334673930254,1138539.6913413228,8,9484.812199985214,39.17268631005083,242128.2044563695,43659.18601230696,48.704402666707715,896411.4868849536
1969,6909,(nameless),1969-09-10 00:00:00,9,True,22.70005826831772,120.25001456707945,20.0,993.0,1,South China,South China,25.0,1,1969-09-07 12:00:00,17.0,119.0,South China Sea,1495.4627590959356,657.6033935410347,2.5,5.0,2.3832491805214624,5-6,True,5.0,1.866513390779193,5-6,True,57.77051077170946,1.9127855701613647,30202.293279970676,7,57.51437319582651,1.9184118326941553,29980.20144353217,0.25613757588296676,1.1532957716520533,222.09183643850457
1969,6911,Elsie,1969-09-27 12:00:00,9,True,24.62256808393399,118.42778213141123,15.0,990.0,0,East China,East/North China,85.0,3,1969-09-16 00:00:00,15.0,165.0,Eastern Tropical WNP,9564.7943961464,5336.113631229971,11.5,7.0,1.5263428089652205,7-8,True,6.0,1.8025976096635503,5-6,True,60912.390336931414,47.63445394424227,1278746.4806090025,17,28782.737214227676,56.83783732917596,506400.9921336845,32129.653122703738,41.60010461915259,772345.488475318
1970,7003,Ruby,1970-07-16 06:00:00,7,True,22.649107597393385,114.73454673826105,15.0,991.0,0,South China,South China,25.0,1,1970-07-08 12:00:00,11.7,140.0,Eastern Tropical WNP,4877.229799397369,3772.046145765257,7.75,1.0,0.8042391057098429,1-2,False,4.0,0.441053669400001,3-4,False,28168.80451216125,22.93168008779123,1228379.4473113313,10,15282.195578284663,32.78190511951589,466177.7746768838,12886.608933876587,16.90708561335973,762201.6726344473
1970,7004,(nameless),1970-08-03 00:00:00,8,True,22.64290195548448,114.58561569793416,15.0,995.0,0,South China,South China,25.0,1,1970-07-26 00:00:00,20.8,139.3,North WNP,3582.783005944804,2676.096400901588,8.0,2.0,2.008105299756745,1-2,True,8.0,1.802022627106995,7-8,True,50388.42705986853,46.30370425198691,1088215.8970619796,11,35504.86973116074,88.07111640331699,403138.6359242692,14883.557328707791,21.72537051367113,685077.2611377104
1970,7005,Violet,1970-08-09 06:00:00,8,True,21.85704688007828,112.6890381865449,12.0,1000.0,0,South China,South China,20.0,1,1970-08-03 06:00:00,20.3,136.5,North WNP,3687.9297954701947,2958.7082960981006,6.0,3.0,0.8532331041193352,3-4,False,2.0,2.008105299756745,1-2,True,13449.211583068463,19.546999006738346,688044.8286937642,8,10556.491740372143,26.379270693319086,400181.3341657592,2892.71984269632,10.048929085083763,287863.494528005
1970,7008,Billie,1970-09-01 00:00:00,9,True,42.433335718635455,130.57544022854006,15.0,995.0,0,North China,East/North China,55.0,3,1970-08-21 00:00:00,14.5,137.5,Western Tropical WNP,4201.680323067037,4106.3025677324695,11.0,8.0,1.402729934334811,7-8,True,5.0,1.1310074781340005,5-6,True,7031.241251752607,15.018868496559245,468160.51777558564,12,4863.361765258642,14.67251290381156,331460.72504017083,2167.8794864939646,15.858688905914718,136699.79273541484
1970,7010,Fran,1970-09-07 18:00:00,9,True,25.25485993115801,119.36112055073592,15.0,990.0,0,East China,East/North China,30.0,1,1970-09-01 12:00:00,18.5,131.0,Western Tropical WNP,3794.256422243261,2692.057343249344,6.25,2.0,0.7042891992726181,1-2,False,8.0,1.402729934334811,7-8,True,32568.393306924594,33.59669129203249,969392.8793115483,10,21390.57837907647,65.22715467629841,327939.7742432748,11177.814927848123,17.425771018223394,641453.1050682734
1970,7011,Georgia,1970-09-14 06:00:00,9,True,22.812694431482768,115.1236327146092,15.0,985.0,0,South China,South China,65.0,3,1970-09-07 00:00:00,15.0,140.0,Eastern Tropical WNP,3736.522094508042,3117.265323175834,7.25,3.0,0.4037937373567439,3-4,False,2.0,0.7042891992726181,1-2,False,19416.12570002007,31.516513470547338,616061.9802747135,9,16108.536403522652,64.79779249452717,248596.99356090228,3307.58929649742,9.001100556754363,367464.9867138112
1970,7013,Joan,1970-10-17 00:00:00,10,True,19.419217907407457,110.74136866203696,50.0,965.0,2,South China,South China,75.0,3,1970-10-09 00:00:00,7.2,148.0,Eastern Tropical WNP,4918.060562934807,4500.114001458662,8.0,5.0,1.4165800468947491,5-6,True,3.0,1.5623909384674786,3-4,True,33458.601009370985,85.12585672101284,393048.6258602543,10,23455.90871734337,95.20402406639012,246375.18158882117,10002.692292027617,68.19702326971125,146673.44427143308
1971,7102,Wanda,1971-05-03 00:00:00,5,False,18.399878102426992,108.96245428841011,15.0,998.0,0,South China,South China,35.0,2,1971-04-22 00:00:00,10.0,132.3,Western Tropical WNP,3481.0663581385265,3306.9963004981705,11.0,5.0,0.9234711723665554,5-6,False,8.0,0.7201248429478186,7-8,False,4733.7863176481715,23.054473422122065,205330.48970469378,13,4515.150911950603,24.85915951895021,181629.26660930307,218.63540569756947,9.2246465432448,23701.223095390684
1971,7106,Dinah,1971-05-29 00:00:00,5,False,18.905268256042184,110.51314642390508,25.0,995.0,1,South China,South China,40.0,2,1971-05-23 18:00:00,9.5,136.5,Western Tropical WNP,3695.3125514992335,3040.281426189913,5.25,3.0,0.8870816165195561,3-4,False,1.0,0.444633874538797,1-2,False,22349.67355730066,43.385437840266476,515142.2843670762,9,18918.283236218365,65.99709757614893,286653.260992122,3431.3903210822955,15.0177468939124,228489.02337495412
1971,7108,Freda,1971-06-18 00:00:00,6,True,22.347118460563195,113.59403415521152,20.0,983.0,1,South China,South China,35.0,2,1971-06-10 00:00:00,8.0,132.9,Western Tropical WNP,3786.9578975232926,2707.578621030608,8.0,8.0,0.86071445661772,7-8,False,7.0,0.7417566225553358,7-8,False,42302.534505042306,35.3940504505265,1195187.721285882,10,21610.43618861506,51.83602238906093,416899.97018705576,20692.098316427247,26.58669404370439,778287.7510988263
1971,7109,Gilda,1971-06-27 18:00:00,6,True,19.53070847318709,110.81545296766453,40.0,972.0,2,South China,South China,45.0,2,1971-06-22 06:00:00,8.5,137.7,Western Tropical WNP,4026.3497492704387,3226.017635770449,5.5,3.0,0.9057269837465766,3-4,False,3.0,0.3613034914613953,3-4,False,24967.979004094697,30.77579378498674,811286.271884066,8,17538.659189333794,60.17352977691221,291468.01349956944,7429.31981476091,14.292148640276556,519818.25838449656
1971,7113,Jean,1971-07-17 12:00:00,7,True,18.28743978459335,109.72093369234442,30.0,985.0,1,South China,South China,55.0,3,1971-07-08 18:00:00,8.8,141.8,Eastern Tropical WNP,4502.627432898669,4111.02553490312,8.75,7.0,0.5652384919341902,7-8,False,4.0,0.6487235487586808,3-4,False,3613.5305956910966,15.665057088999317,230674.58836320965,11,3571.465563145257,16.123951805850165,221500.63496527207,42.06503254584019,4.585267738039397,9173.953397937603
1971,7114,Lucy,1971-07-22 06:00:00,7,True,22.49089734917031,114.5795836151965,30.0,970.0,1,South China,South China,60.0,3,1971-07-13 06:00:00,11.0,145.5,Eastern Tropical WNP,4904.500828220649,3776.2223993360553,9.0,7.0,1.1079110977370776,7-8,True,5.0,0.6265875156590296,5-6,False,24720.075354840676,28.585018927990287,864791.2886506757,11,21969.222653514626,45.52440563217528,482581.2077816001,2750.852701326053,7.19722696761718,382210.0808690755
1971,7115,Nadine,1971-07-26 12:00:00,7,True,24.551093692287672,118.62226576928082,12.0,980.0,0,East China,East/North China,70.0,3,1971-07-19 00:00:00,11.3,142.8,Eastern Tropical WNP,3832.214757680051,3099.6203496386975,7.5,8.0,1.8018459950566248,7-8,True,6.0,0.6127085348206279,5-6,False,25668.879622373686,36.21130536518089,708863.6922505337,9,15386.63076501684,63.43787755562798,242546.43058517325,10282.248857356844,22.049899719851275,466317.2616653604
1971,7118,Rose,1971-08-17 00:00:00,8,True,22.75594668233086,113.55423407059314,30.0,988.0,1,South China,South China,60.0,3,1971-08-08 00:00:00,10.0,152.0,Eastern Tropical WNP,4792.144437569733,4646.004224273476,9.0,3.0,1.8522615304397945,3-4,True,1.0,1.6033626314974805,1-2,True,7390.547088885436,17.259974369295733,428189.92257790914,10,6645.529225555175,28.168611607562745,235919.65831113147,745.0178633302604,3.8748470345707635,192270.26426677764
1971,7122,Agnes,1971-09-18 18:00:00,9,True,23.71384566362218,121.54461734551128,35.0,980.0,2,South China,South China,40.0,2,1971-09-08 06:00:00,17.8,127.3,Western Tropical WNP,3129.9725841134755,2714.646159773082,10.5,3.0,0.7058257147328365,3-4,False,1.0,1.5452224429764936,1-2,True,6514.3084519538315,23.905750448508154,272499.6425435521,12,5503.262153014161,32.3450870501361,170142.13455304352,1011.0462989396708,9.877597831254574,102357.50799050863
1971,7123,Bess,1971-09-22 18:00:00,9,True,24.70739081173209,121.82967526773676,40.0,950.0,2,East China,East/North China,65.0,3,1971-09-17 00:00:00,16.5,150.8,Eastern Tropical WNP,6107.423719828734,3213.748302275637,5.75,4.0,1.3730438327413177,3-4,True,2.0,0.5595988126161899,1-2,False,40556.164648458325,46.58702267285556,870546.3951464068,10,29201.0721569801,56.39662743734204,517780.4681569508,11355.092491478239,32.18874506498933,352765.92698945606
1971,7125,Della,1971-09-29 12:00:00,9,True,18.999209365954016,110.51810247828963,20.0,985.0,1,South China,South China,35.0,2,1971-09-24 00:00:00,12.1,129.9,Western Tropical WNP,3090.442612467723,2303.618098600968,5.5,5.0,1.41384573476245,5-6,True,4.0,1.7954554120433348,3-4,True,6171.73104872117,35.060126357856994,176032.76684535056,7,6160.139385467487,36.113058915248644,170579.27438172192,11.591663253683008,2.1255485967922536,5453.49246362865
1972,7202,Ora,1972-06-27 06:00:00,6,True,21.46157944147088,111.13152616755872,15.0,997.0,0,South China,South China,40.0,2,1972-06-21 18:00:00,11.0,137.2,Western Tropical WNP,3611.729309872181,3182.8298044500584,5.5,4.0,1.9467887643961088,3-4,True,2.0,1.734501983372057,1-2,True,12164.606341874389,20.833362483204937,583900.2874202871,8,9195.313698215243,26.4349298688636,347847.1001750585,2969.2926436591456,12.578913584311978,236053.18724522868
1972,7203,Rita,1972-07-27 00:00:00,7,True,38.89114157617053,117.65059320510088,15.0,980.0,0,North China,East/North China,65.0,3,1972-07-05 00:00:00,9.5,150.5,Eastern Tropical WNP,8677.523626162541,6993.6634663331715,22.0,6.0,1.304292006266065,5-6,True,6.0,1.566415531397592,5-6,True,20827.42942415062,16.972461813114474,1227130.728204523,26,14922.150895954548,20.61125824359911,723980.5896172626,5905.278528196076,11.736613140516768,503150.1385872607
1972,7204,Susan,1972-07-15 06:00:00,7,True,25.008500638636185,118.99666605844172,10.0,992.0,0,East China,East/North China,45.0,2,1972-07-05 00:00:00,14.2,128.2,Western Tropical WNP,3502.966190988449,2503.6270671329726,10.25,6.0,1.5274800413695138,5-6,True,6.0,1.566415531397592,5-6,True,21006.62329275986,21.607416349111602,972195.0534647589,13,12706.805306363154,39.67009398022037,320311.95370242395,8299.817986396707,12.73206498131747,651883.099762335
1972,7207,Winnie,1972-08-01 18:00:00,8,True,27.368418351879505,120.5513201781958,30.0,990.0,1,East China,East/North China,30.0,1,1972-07-27 12:00:00,20.8,131.8,North WNP,2850.9662519160765,2059.8576015809094,5.25,6.0,1.3092753912550383,5-6,True,6.0,1.304292006266065,5-6,True,22060.92022172711,30.297615444586476,728140.4789784838,9,11161.838039911478,37.62809716300968,296635.7291881379,10899.082181815627,25.258313349067734,431504.74979034596
1972,7209,Betty,1972-08-17 12:00:00,8,True,27.362360242504614,120.54280746648983,35.0,972.0,2,East China,East/North China,60.0,3,1972-08-08 12:00:00,11.6,150.3,Eastern Tropical WNP,4528.536359982465,3774.5305369569037,9.0,4.0,0.6836181365976219,3-4,False,6.0,1.134863225301716,5-6,True,56002.026220155065,60.73749003944166,922033.9230973904,13,27792.54137284741,81.17191186693518,342391.1145324213,28209.484847307656,48.66701428962145,579642.8085649691
1972,7210,Cora,1972-08-28 00:00:00,8,True,19.75434307179769,111.0027280884552,30.0,970.0,1,South China,South China,30.0,1,1972-08-21 00:00:00,16.8,128.0,Western Tropical WNP,2714.4707100553724,1962.932952635582,7.0,2.0,0.2745867396636434,1-2,False,4.0,0.3132536624679508,3-4,False,11418.110174719863,20.8659415175204,547212.7948375815,9,10940.484795933413,26.801670691463837,408201.5976495782,477.62537878645304,3.4358770260822715,139011.1971880033
1972,7220,Pamela,1972-11-08 06:00:00,11,False,19.410743199519825,110.73243806670668,40.0,945.0,2,South China,South China,50.0,2,1972-11-02 06:00:00,12.2,142.3,Eastern Tropical WNP,7491.463869669226,3787.9409877146077,6.0,2.0,1.839931037957097,1-2,True,1.0,1.751103043886596,1-2,True,47585.569816175695,37.15707698184365,1280659.6665132674,9,21726.200745743798,36.87124841985406,589245.0534450818,25859.369070431898,37.40066897874736,691414.6130681856
1973,7301,Wilda,1973-07-03 12:00:00,7,True,24.55542886528884,118.2184762884296,25.0,988.0,1,East China,East/North China,35.0,2,1973-06-28 06:00:00,10.5,127.8,Western Tropical WNP,3199.9797935907145,2067.959451577227,5.25,4.0,1.2885230374227332,3-4,True,2.0,0.819066270418295,1-2,False,36693.6756070127,32.47842107199266,1129786.3133702336,9,13770.793335411705,45.04231753164813,305730.12424895586,22922.882271600996,27.817135013626356,824056.1891212778
1973,7303,Billie,1973-07-19 12:00:00,7,True,36.71333437136289,121.31128173188834,12.0,984.0,0,North China,East/North China,65.0,3,1973-07-11 12:00:00,11.6,129.3,Western Tropical WNP,3736.93765467247,3066.999198575537,8.0,7.0,1.5504789771837455,7-8,True,5.0,2.140994027198009,5-6,True,26039.654552466167,26.53647134782296,981277.9631155613,10,15813.712617204947,26.876986542033674,588373.7223469394,10225.941935261222,26.026550172267545,392904.24076862185
1973,7304,Dot,1973-07-17 00:00:00,7,True,22.148498913192725,114.32728478273664,25.0,980.0,1,South China,South China,35.0,2,1973-07-11 12:00:00,12.7,111.3,South China Sea,3897.7888419618903,1407.325494095608,5.5,7.0,1.695948953869144,7-8,True,5.0,2.140994027198009,5-6,True,30684.076125047613,35.15981141504971,872703.091687053,10,22848.525970817504,40.8534587465739,559280.0872149817,7835.550154230112,24.999920370964116,313423.0044720713
1973,7307,Georgia,1973-08-12 12:00:00,8,True,21.458682001073228,111.0706589994634,30.0,970.0,1,South China,South China,35.0,2,1973-08-05 12:00:00,20.5,121.6,North WNP,2178.3877603474,1351.3096131390728,7.0,5.0,0.4280732220637009,5-6,False,3.0,1.7204375673799548,3-4,True,63641.34663319585,54.38612834136605,1170176.0830213444,11,25707.786228838435,80.82345725653938,318073.3304594989,37933.56040435742,44.51758932864638,852102.7525618455
1973,7311,Kate,1973-08-24 18:00:00,8,True,19.631323211905027,110.97952277321367,30.0,972.0,1,South China,South China,30.0,1,1973-08-20 12:00:00,18.1,123.9,Western Tropical WNP,2779.649335585294,1545.547524472819,4.25,5.0,2.11027292140048,5-6,True,5.0,2.072488683398088,5-6,True,15418.05589188763,32.680634867229195,471779.57082309405,8,14936.668379614926,36.55352981175348,408624.5146922081,481.38751227270626,7.62231152601706,63155.05613088593
1973,7312,(nameless),1973-08-30 00:00:00,8,True,21.46289951014388,111.33710048985613,12.0,1001.0,0,South China,South China,25.0,1,1973-08-28 00:00:00,17.8,111.9,South China Sea,1268.8818778953953,455.13091784874143,2.0,1.0,0.2257652464131356,1-2,False,5.0,0.8133580569647819,5-6,False,29459.828919944106,56.252594217925854,523706.13888161315,7,25786.16770076353,72.319433020122,356559.31779206346,3673.6612191805707,21.978648443528517,167146.8210895497
1973,7314,Marge,1973-09-14 00:00:00,9,True,19.14157897147882,110.57631542781772,40.0,975.0,2,South China,South China,60.0,3,1973-09-10 00:00:00,14.9,129.0,Western Tropical WNP,2737.727661664365,2037.1300613903495,4.0,4.0,1.0282483838915768,3-4,True,4.0,0.8993548966784857,3-4,False,6590.864520954931,21.607949110055994,305020.3648382182,6,6581.4008227890745,21.8041728139463,301841.34380825976,9.463698165856002,2.9769221646136,3179.0210299584287
1973,7315,Nora,1973-10-10 06:00:00,10,True,24.332949149940603,118.11375593506534,25.0,990.0,1,East China,East/North China,70.0,3,1973-10-01 18:00:00,11.1,135.9,Western Tropical WNP,3032.9186535473023,2780.094733047309,8.5,6.0,0.9765317050510118,5-6,False,7.0,0.1674043847373434,7-8,False,8135.414169556643,24.107983292749516,337457.2676099113,10,6797.832940576696,43.17987633504252,157430.57918533066,1337.581228979946,7.429905202862766,180026.68842458067
1973,7318,Ruth,1973-10-18 12:00:00,10,True,18.181481218537517,109.61851878146248,35.0,973.0,2,South China,South China,40.0,2,1973-10-10 18:00:00,12.0,144.1,Eastern Tropical WNP,4398.414551850624,3859.498620649337,7.75,1.0,1.753721860609868,1-2,True,6.0,0.9765317050510118,5-6,False,25108.734240471713,60.087092755297796,417872.34311245504,11,16933.34350740422,70.15359296345827,241375.2851721293,8175.390733067492,46.32026634592188,176497.0579403257
1974,7405,(nameless),1974-06-08 06:00:00,6,True,21.521143398554194,111.65022180112452,15.0,995.0,0,South China,South China,25.0,1,1974-06-05 18:00:00,18.0,111.8,South China Sea,577.8695410275898,498.4769201410995,2.5,6.0,1.696364494139461,5-6,True,5.0,1.8651576355121644,5-6,True,6205.118376142833,22.592687548890392,274651.62622707046,4,5996.629678198889,27.02307264641667,221907.76588072634,208.48869794394267,3.9528524566631136,52743.860346344154
1974,7406,Dinah,1974-06-13 00:00:00,6,True,19.52696511256591,110.81124421203862,30.0,978.0,1,South China,South China,35.0,2,1974-06-06 06:00:00,10.4,138.9,Western Tropical WNP,3954.659890246723,3307.7551447522906,6.75,8.0,0.7547801032384528,7-8,False,5.0,2.063486505572081,5-6,True,22977.923269997038,55.20026457959938,416264.7307036477,9,21588.354330263384,63.34459809814668,340808.1348438615,1389.5689397336491,18.41547347717293,75456.59585978618
1974,7410,Jean,1974-07-19 18:00:00,7,True,28.25456857919918,121.60227157104003,25.0,995.0,1,East China,East/North China,30.0,1,1974-07-15 00:00:00,17.3,133.8,Western Tropical WNP,2528.227947059616,1989.6688880373938,4.75,2.0,0.8011503321255394,1-2,False,1.0,0.4053619161117404,1-2,False,2645.439430651296,7.5044734122531445,352514.9980985846,6,1826.598835037305,7.868166497127875,232150.50618261195,818.8405956139915,6.803007951760643,120364.49191597264
1974,7411,Ivy,1974-07-22 12:00:00,7,True,21.4998380347765,111.48764171957058,40.0,970.0,2,South China,South China,60.0,3,1974-07-17 06:00:00,11.8,139.5,Western Tropical WNP,3800.3841148549013,3245.7909575604945,5.25,2.0,1.2571432830501577,1-2,True,1.0,0.8608892852390704,1-2,False,21219.726645802017,31.723045296612067,668905.7260233533,7,18033.045681151758,54.13864818999923,333090.06198058184,3186.680964650255,9.489375588639552,335815.6640427713
1974,7412,Lucy,1974-08-11 12:00:00,8,True,24.875784159150385,118.80807194694988,15.0,990.0,0,East China,East/North China,25.0,1,1974-08-08 00:00:00,15.0,118.6,South China Sea,2101.457367956256,1133.7633162950951,3.5,6.0,0.999196383154223,5-6,False,7.0,1.1231270052294071,7-8,True,55854.21349202984,50.3299052634582,1109761.9437122713,6,31947.86836305004,73.59578841064312,434099.13872775185,23906.345128979796,35.38206477049974,675662.8049845194
1974,7413,Mary,1974-08-19 18:00:00,8,True,28.82571010889812,121.67997076228684,30.0,977.0,1,East China,East/North China,35.0,2,1974-08-11 00:00:00,16.0,153.0,Eastern Tropical WNP,4350.925853692017,4157.028647175734,8.75,7.0,0.3121673519815764,7-8,False,6.0,0.999196383154223,5-6,False,18412.061288029454,43.89379803317944,419468.40130151703,11,15435.355522668759,64.38291793789851,239743.0252781826,2976.705765360699,16.56252350794482,179725.37602333445
1974,7416,(nameless),1974-08-29 12:00:00,8,True,36.959948178041216,122.52503238872424,30.0,985.0,1,North China,East/North China,30.0,1,1974-08-27 00:00:00,24.3,131.4,North WNP,3217.7237079224483,1682.924754727498,2.5,8.0,0.5645959010031276,7-8,False,8.0,0.6974960965569792,7-8,False,25344.836566342892,19.707778746418597,1286032.1242924796,6,14787.300291333539,20.256006988064364,730020.4971318779,10557.536275009352,18.98797751572892,556011.6271606013
1974,7419,(nameless),1974-09-06 12:00:00,9,True,21.43522666556953,111.2931733179734,20.0,987.0,1,South China,South China,25.0,1,1974-09-03 06:00:00,21.8,116.8,North WNP,1328.205473797247,819.9309945039948,3.25,2.0,1.2679433361835089,1-2,True,1.0,0.725290442511649,1-2,False,17277.956361557524,28.193291190364064,612839.28310799,5,16174.389045219023,38.85763447258892,416247.3929448488,1103.5673163385038,5.61349359540066,196591.8901631413
1974,7420,Wendy,1974-09-28 18:00:00,9,True,24.87026490530577,121.82973509469424,30.0,986.0,1,East China,East/North China,30.0,1,1974-09-23 00:00:00,14.9,130.0,Western Tropical WNP,2081.1583938358167,1862.7320789281316,5.75,3.0,0.6454614330020144,3-4,False,2.0,0.6834471926192535,1-2,False,1309.1188978555338,9.166514389699856,142815.3431283054,8,1292.9499301376868,9.702716713691908,133256.48561017466,16.168967717846535,1.691516762037516,9558.857518130775
1974,7421,Bess,1974-10-13 18:00:00,10,True,19.39767592932568,110.68605557595409,20.0,995.0,1,South China,South China,40.0,2,1974-10-08 00:00:00,11.5,136.5,Western Tropical WNP,3484.903328794675,2998.1229081113406,5.75,5.0,1.829851400855004,5-6,True,5.0,1.346650138858823,5-6,True,2299.072078221667,13.335800336291607,172398.5077944702,7,2299.072078221667,13.335800336291607,172398.5077944702,0.0,,0.0
1974,7423,Della,1974-10-26 06:00:00,10,True,18.84068809285679,110.51518335000246,30.0,985.0,1,South China,South China,50.0,2,1974-10-20 06:00:00,11.8,134.8,Western Tropical WNP,3540.057401146769,2986.978037456271,6.0,7.0,0.595865674359052,7-8,False,5.0,1.7972130609193764,5-6,True,3510.791354696773,25.5428276228334,137447.2476789682,8,3510.791354696773,25.5428276228334,137447.2476789682,0.0,,0.0
1974,7427,Irma,1974-12-02 06:00:00,12,False,21.953487504334767,112.85348750433477,15.0,998.0,0,South China,South China,50.0,2,1974-11-22 00:00:00,10.3,140.2,Eastern Tropical WNP,4251.318434231931,3908.634419396807,10.25,7.0,1.4084392213764323,7-8,True,6.0,1.060299637448166,5-6,True,7699.15754235184,14.791094288852907,520526.567676213,12,5757.457892303057,19.93249882934415,288847.7727552686,1941.6996500487821,8.380998574821435,231678.79492094435
1975,7503,Nina,1975-08-03 06:00:00,8,True,23.83288267323534,121.57988085823509,45.0,950.0,2,South China,South China,65.0,3,1975-07-30 00:00:00,17.6,138.2,Western Tropical WNP,3830.172649744116,2013.9394913879357,4.25,5.0,1.040952984458988,5-6,True,5.0,1.137309031708835,5-6,True,79531.3951710313,54.814455156478715,1450920.1075517978,10,10633.154422521577,40.45659255630518,262828.7196387822,68898.24074850972,57.99069116184353,1188091.3879130154
1975,7504,Ora,1975-08-12 12:00:00,8,True,28.248085433864087,121.5845949587262,35.0,980.0,2,East China,East/North China,40.0,2,1975-08-09 00:00:00,18.7,126.6,Western Tropical WNP,2707.661257041857,1292.9102886340777,3.5,5.0,0.973565352387876,5-6,False,4.0,0.5589469299872245,3-4,False,67483.00891937879,62.41559066927398,1081188.34085791,9,15093.345135311394,42.95574205542911,351369.675230736,52389.66378406738,71.78449421959633,729818.6656271741
1975,7506,(nameless),1975-08-12 00:00:00,8,True,18.286295661022866,109.36209855367429,12.0,990.0,0,South China,South China,20.0,1,1975-08-09 06:00:00,18.4,116.0,South China Sea,1919.0345695176322,879.801001749162,2.75,5.0,0.973565352387876,5-6,False,4.0,0.5589469299872245,3-4,False,32998.12575647545,43.58620895922227,757077.2164963312,7,23351.531648923206,69.03168856831044,338272.64164073946,9646.59410755224,23.033640716266024,418804.57485559175
1975,7510,Alice,1975-09-19 18:00:00,9,True,18.95772448656693,110.50826361243833,30.0,980.0,1,South China,South China,35.0,2,1975-09-15 12:00:00,11.4,131.2,Western Tropical WNP,3065.0242283064185,2410.578257369315,4.25,1.0,0.1881282960781586,1-2,False,2.0,0.6946891324080706,1-2,False,4512.482718070276,14.94995367215746,301839.24425627134,6,4495.087905490138,15.371169950412442,292436.2894946409,17.394812580138595,1.849930476228557,9402.954761630448
1975,7511,Betty,1975-09-22 12:00:00,9,True,22.466048624721445,120.93951375278552,35.0,965.0,2,South China,South China,40.0,2,1975-09-16 06:00:00,10.2,140.6,Eastern Tropical WNP,4098.28658674637,3307.1866901675357,6.25,2.0,0.5098938522120421,1-2,False,1.0,0.8893111199937045,1-2,False,11005.183157438492,23.78677887886105,462659.66541685193,9,8718.797447720273,40.50439044223977,215255.61433034003,2286.3857097182185,9.241504735582193,247404.05108651193
1975,7513,Doris,1975-10-05 18:00:00,10,True,21.79374599592469,112.4979153319749,35.0,970.0,2,South China,South China,35.0,2,1975-10-01 00:00:00,10.0,115.6,South China Sea,3956.6831627155234,1433.49092921592,4.75,5.0,2.086529820044879,5-6,True,5.0,1.9715905442890416,5-6,True,38410.59816075933,45.99991537090173,835014.5397236275,7,25944.950301967463,57.76031447984906,449182.98204589804,12465.647858791868,32.30852326808361,385831.5576777295
1975,7515,Flossie,1975-10-23 06:00:00,10,True,21.45553737763656,111.0592834964846,30.0,980.0,1,South China,South China,35.0,2,1975-10-16 06:00:00,13.1,129.4,Western Tropical WNP,2724.9732859731535,2510.616225730133,7.0,5.0,2.017823860405957,5-6,True,5.0,0.8255785595028011,5-6,False,6045.464047248325,13.475331000694263,448631.95174477395,8,5502.7415008626685,20.092970457294143,273864.0119218941,542.7225463856566,3.105389620863435,174767.9398228799
1976,7610,Violet,1976-07-26 00:00:00,7,True,21.63654996031791,112.01725019841044,20.0,980.0,1,South China,South China,35.0,2,1976-07-20 06:00:00,14.1,116.1,South China Sea,1990.9549528570408,1398.441500632367,5.75,7.0,0.3939734671068298,7-8,False,6.0,0.5188555342936618,5-6,False,32150.164440739267,41.42913684618924,776027.8607807038,8,28450.614370538475,71.52575681863266,397767.40066771314,3699.550070200799,9.780430312741917,378260.4601129907
1976,7613,Billie,1976-08-09 18:00:00,8,True,24.77917763774834,121.8123354337749,45.0,955.0,2,East China,East/North China,60.0,3,1976-08-03 00:00:00,13.8,146.5,Eastern Tropical WNP,4208.533443329664,3038.4753300540665,6.75,7.0,1.14560216448621,7-8,True,4.0,0.6215112111069089,3-4,False,41232.23628236039,37.18500962553319,1108840.2745510696,10,13973.966917688716,49.02080247633957,285061.9780129753,27258.26936467167,33.08932692111919,823778.2965380943
1976,7614,Clara,1976-08-06 18:00:00,8,True,21.84646819021708,112.65776998152242,20.0,990.0,1,South China,South China,35.0,2,1976-08-03 00:00:00,20.9,114.9,North WNP,1156.7854381636864,744.1050731658682,3.75,6.0,1.1847655504676298,5-6,True,4.0,0.6215112111069089,3-4,False,14539.508611486903,31.29236130093077,464634.43495567836,5,13852.692054502213,43.44844748136908,318830.5418839723,686.8165569846884,4.7105501953018045,145803.89307170606
1976,7616,Ellen,1976-08-24 06:00:00,8,True,22.65881164235759,114.94514954978378,20.0,993.0,1,South China,South China,30.0,1,1976-08-20 18:00:00,14.3,132.0,Western Tropical WNP,2510.039408152711,2069.7524032427427,3.5,3.0,1.0552232591932398,3-4,True,2.0,0.976400695161006,1-2,False,31415.342928361675,45.09738479968952,696611.19082404,6,23363.571500120554,70.9835725707274,329140.54131103784,8051.7714282411225,21.911332072131188,367470.6495130022
1976,7619,Iris,1976-09-20 06:00:00,9,True,21.294337019555275,110.67168509777638,30.0,980.0,1,South China,South China,35.0,2,1976-09-12 18:00:00,14.8,112.9,South China Sea,3934.527673867878,1906.7509387650903,7.5,7.0,2.972929517225697,7-8,True,6.0,2.8085674774712595,5-6,True,57701.78469275378,112.05079537791649,514960.95586061256,20,53819.73161751514,148.41194589766593,362637.4635275338,3882.053075238636,25.485583449924654,152323.49233307876
1977,7701,Ruth,1977-06-17 00:00:00,6,True,25.518208488436382,119.45516396127032,15.0,998.0,0,East China,East/North China,30.0,1,1977-06-10 00:00:00,6.0,134.0,Western Tropical WNP,8991.644454211268,3485.762411191573,7.0,3.0,1.024210576413086,3-4,True,2.0,1.2433934531023942,1-2,True,13280.897135216044,28.62833961573752,463907.3489234176,12,5927.351188584038,20.658728766900904,286917.51827831485,7353.545946632008,41.54784441472925,176989.83064510277
1977,7702,(nameless),1977-07-06 06:00:00,7,True,21.38570306593479,110.84524744505434,12.0,998.0,0,South China,South China,20.0,1,1977-07-03 06:00:00,15.5,115.0,South China Sea,1245.6908423477132,1103.1236138950205,3.0,3.0,1.5578413118125176,3-4,True,3.0,1.218871387876768,3-4,True,9995.92985189123,21.307625699250305,469124.5281374982,4,8541.506830913606,30.424699234604113,280742.52320623636,1454.4230209776217,7.720604850279211,188382.00493126176
1977,7703,Sarah,1977-07-20 12:00:00,7,True,19.141313125756568,110.57631874915936,30.0,957.0,1,South China,South China,35.0,2,1977-07-13 00:00:00,6.5,142.0,Eastern Tropical WNP,5640.618456997756,3947.552524255607,7.5,5.0,0.5849181451938831,5-6,False,5.0,1.4337010095470406,5-6,True,14484.495226551568,29.34605962680682,493575.47182656097,10,13823.058416566757,34.486099049347764,400829.8647169893,661.4368099848108,7.131731955815167,92745.6071095717
1977,7704,Thelma,1977-07-25 12:00:00,7,True,25.389166398504035,119.6465001608976,15.0,990.0,0,East China,East/North China,45.0,2,1977-07-19 06:00:00,11.0,141.0,Eastern Tropical WNP,3807.9076811308305,3146.83810291472,6.25,4.0,0.7081547624002958,3-4,False,5.0,0.7554963024686827,5-6,False,17838.501984841114,19.65321763558551,907663.1783968778,9,10403.085611991293,30.637984462290742,339548.62875511346,7435.416372849819,13.087882325031748,568114.5496417644
1977,7705,Vera,1977-07-31 12:00:00,7,True,24.931667524472992,121.88001029367592,45.0,945.0,2,East China,East/North China,55.0,3,1977-07-25 12:00:00,24.5,137.0,North WNP,3242.139554671492,1761.661043747791,6.0,5.0,0.8985848035939176,5-6,False,4.0,0.7081547624002958,3-4,False,36590.34794548895,30.26348714741506,1209059.2127488619,10,19732.59333315133,41.01425048937699,481115.54149361385,16857.754612337627,23.15804818148708,727943.6712552481
1977,7708,Babe,1977-09-11 06:00:00,9,True,31.69547701983003,121.56381615864024,25.0,980.0,1,East China,East/North China,70.0,3,1977-08-31 06:00:00,5.0,155.0,Eastern Tropical WNP,5998.681762934759,5671.666797375206,11.0,6.0,1.7421034234448665,5-6,True,5.0,1.237697870059815,5-6,True,9608.691607409386,29.524620886516722,325446.739666604,12,8440.310029144563,38.75692012156781,217775.56118159197,1168.3815782648237,10.85138655213534,107671.17848501205
1977,7712,Freda,1977-09-25 00:00:00,9,True,21.58768842573971,111.68216083366852,20.0,997.0,1,South China,South China,30.0,1,1977-09-21 00:00:00,14.5,132.5,Western Tropical WNP,2611.555828630926,2369.415591373123,4.0,1.0,2.1030121553641816,1-2,True,7.0,1.4737308185922549,7-8,True,11173.183442983116,19.012046659985685,587689.6708074631,5,8122.80916456443,25.689747807092633,316188.74679345114,3050.374278418685,11.235226139640169,271500.92401401186
1978,7803,Rose,1978-06-24 18:00:00,6,True,23.891152714500745,121.60088472854991,9.5,1001.0,0,South China,South China,25.0,1,1978-06-21 06:00:00,18.5,129.0,Western Tropical WNP,1340.4294995375744,1227.7866283433814,3.5,8.0,0.4006791506289758,7-8,False,5.0,0.2528367270510125,5-6,False,176.82190796102196,2.2521567096100816,78512.25769792695,4,172.11745700475845,2.329641167835548,73881.5313624765,4.704450956263532,1.0159207466545124,4630.726335450448
1978,7805,Trix,1978-07-23 00:00:00,7,True,29.196606760186132,121.52205605879011,35.0,992.0,2,East China,East/North China,40.0,2,1978-07-11 12:00:00,19.0,153.0,Eastern Tropical WNP,6880.93476247418,5441.911326388013,11.5,2.0,0.5249794616969058,1-2,False,8.0,0.9760156607661432,7-8,False,23453.04350060687,18.36775584921126,1276859.4973247086,15,9673.577022931548,25.153782856917246,384577.4243165708,13779.466477675323,15.442948922217841,892282.0730081379
1978,7807,Agnes,1978-07-30 00:00:00,7,True,22.602431622952423,114.8674772076508,20.0,985.0,1,South China,South China,40.0,2,1978-07-23 06:00:00,17.3,113.5,South China Sea,2171.7789594591186,1671.0568705068908,6.75,4.0,1.8217790954981328,3-4,True,2.0,0.5249794616969058,1-2,False,26448.70199984763,47.64828893585028,555081.884167047,9,23683.984911274,66.55755399391012,355842.1770343459,2764.71708857363,13.87633583868012,199239.70713270103
1978,7811,Della,1978-08-13 12:00:00,8,True,25.299047113384837,119.30952886615164,15.0,996.0,0,East China,East/North China,25.0,1,1978-08-09 12:00:00,11.4,130.6,Western Tropical WNP,2241.3900032204074,2048.9251996260873,4.0,5.0,1.413541722569876,5-6,True,4.0,1.094495196018064,3-4,True,4672.653359977368,12.021930281071095,388677.46283095714,5,3567.2092514659817,18.153704347543297,196500.34963518204,1105.444108511386,5.752215183840574,192177.11319577508
1978,7812,Elaine,1978-08-27 12:00:00,8,True,21.205703879546896,110.5394660336312,30.0,970.0,1,South China,South China,35.0,2,1978-08-21 00:00:00,17.0,127.0,Western Tropical WNP,2906.331338562345,2043.6340861788854,6.5,6.0,1.207597634805522,5-6,True,5.0,1.6791328427791168,5-6,True,25315.214736537037,37.58583808993986,673530.6706733472,8,22540.640915733486,48.73733756504817,462492.25012854283,2774.5738208035496,13.147245007050726,211038.4205448043
1978,7818,Lola,1978-10-01 18:00:00,10,True,19.405662788139598,110.6957529088953,25.0,975.0,1,South China,South China,40.0,2,1978-09-24 00:00:00,12.2,136.0,Western Tropical WNP,3820.901688245559,2985.6646896091283,7.75,6.0,1.9514900570493947,5-6,True,4.0,0.8346439383083347,3-4,False,29758.898715975713,57.182504854270434,520419.642193294,11,28585.72107453771,72.99803401833053,391595.7663648798,1173.1776414380063,9.106833914860701,128823.87582841422
1979,7905,Ellis,1979-07-06 06:00:00,7,True,21.237254779080605,110.63333124437024,10.0,997.0,0,South China,South China,45.0,2,1979-06-28 00:00:00,11.5,135.0,Western Tropical WNP,3485.6203717424796,3059.838452959016,8.25,7.0,0.9632167979010572,7-8,False,5.0,1.1211989720653022,5-6,True,17607.36019884708,32.922179563255824,534817.5738187915,10,14713.194859622567,39.215546696254975,375187.80430587893,2894.165339224515,18.130486237345636,159629.76951291243
1979,7908,Hope,1979-08-02 06:00:00,8,True,22.470574295698952,114.52559706630804,45.0,955.0,2,South China,South China,70.0,3,1979-07-25 00:00:00,9.5,146.0,Eastern Tropical WNP,4965.011902965962,3850.5162321159282,8.25,4.0,1.8483261385841223,3-4,True,2.0,1.022646013702155,1-2,True,19789.28720362325,25.181884899287848,785854.0884754382,10,17181.534985336868,32.91845704358605,521942.29403241666,2607.752218286385,9.881150722308465,263911.7944430215
1979,7907,Gordon,1979-07-29 12:00:00,7,True,22.828366963183058,116.10601829750682,20.0,990.0,1,South China,South China,30.0,1,1979-07-25 06:00:00,19.2,131.5,Western Tropical WNP,2403.4139110919714,1717.3006356202109,4.25,4.0,0.7842631104659821,3-4,False,2.0,1.022646013702155,1-2,True,16373.6017046463,22.702077483119833,721238.0328109143,6,11863.19241996649,31.792977053487956,373138.77212593396,4510.409284679809,12.95725039979789,348099.2606849802
1979,7913,Mac,1979-09-23 18:00:00,9,True,22.159253399280303,113.4814932014394,15.0,1000.0,0,South China,South China,30.0,1,1979-09-11 18:00:00,11.8,141.7,Eastern Tropical WNP,4002.7521412284204,3630.0321947707043,12.0,4.0,2.0414377578173664,3-4,True,2.0,1.5555462276003709,1-2,True,24141.92924319307,64.5929657168745,373754.7730663518,15,20008.585103704263,86.7261281130826,230710.0010001021,4133.344139488806,28.895457553488853,143044.77206624972
1979,7914,Nancy,1979-09-19 18:00:00,9,True,18.9,110.51403892103764,20.0,994.0,1,South China,South China,20.0,1,1979-09-17 12:00:00,16.0,112.4,South China Sea,1008.2357868492346,430.76477267675773,2.25,3.0,1.1580217487384024,3-4,True,2.0,1.2262071963421546,1-2,True,14342.708357702975,103.06327652565012,139164.10229916763,7,14341.948404639244,103.56589557135239,138481.3825585882,0.7599530637301894,1.11312595573291,682.7197405794183
1980,8004,Georgia,1980-05-24 00:00:00,5,False,22.966185466001424,116.30498014338504,20.0,988.0,1,South China,South China,25.0,1,1980-05-19 00:00:00,16.9,117.0,South China Sea,2100.7200379010264,1611.585182429277,5.0,2.0,0.793227868952928,1-2,False,2.0,0.2897457945291982,1-2,False,6619.444794170845,20.029348372881024,330487.27651735896,6,6278.085617209332,24.872030049611382,252415.4885904629,341.35917696151347,4.372375553652637,78071.78792689607
1980,8005,Herbert,1980-06-27 00:00:00,6,True,18.5763612584744,110.1618193707628,25.0,985.0,1,South China,South China,25.0,1,1980-06-22 00:00:00,9.2,131.5,Western Tropical WNP,3501.602295708381,2616.881438914691,5.0,4.0,0.9209391894494424,3-4,False,4.0,0.5431087982340611,3-4,False,21895.048799528173,39.57382388626731,553270.9920186932,8,20602.105203739433,53.32898912953264,386320.9398869021,1292.9435957887358,7.744493513353804,166950.05213179113
1980,8006,Ida,1980-07-11 18:00:00,7,True,23.21710564808123,116.78004341057188,20.0,985.0,1,South China,South China,30.0,1,1980-07-05 18:00:00,10.8,141.6,Eastern Tropical WNP,5634.5954201232325,3036.640837763177,6.0,6.0,0.8188802299574418,5-6,False,5.0,2.0162349857201733,5-6,True,32190.188523987847,30.8543614090899,1043294.5960924799,11,17838.61180883138,36.19101035627733,492901.73535421275,14351.576715156463,26.075150567734543,550392.8607382671
1980,8008,(nameless),1980-07-19 06:00:00,7,True,21.525844842434548,111.66772099503572,12.0,999.0,0,South China,South China,20.0,1,1980-07-14 18:00:00,14.5,132.5,Western Tropical WNP,3480.317117701167,2601.4620783492774,4.5,6.0,0.3017559704242467,5-6,False,6.0,0.3430467618081517,5-6,False,11967.862851105072,20.46469609626988,584805.3054296988,7,11010.721386249852,27.535765326475005,399869.8149734483,957.14146485522,5.175542360711168,184935.4904562504
1980,8009,Kim,1980-07-27 12:00:00,7,True,22.8090479406105,115.93132267986434,25.0,993.0,1,South China,South China,60.0,3,1980-07-19 12:00:00,9.7,151.6,Eastern Tropical WNP,4772.369100339415,4454.967331005919,8.0,1.0,1.0282220108617617,1-2,True,6.0,0.3017559704242467,5-6,False,3978.4975878252217,11.186112389877673,355664.00990440336,9,2987.3630507379303,16.12820385573093,185226.02252924853,991.1345370872914,5.8152208457242756,170437.98737515486
1980,8012,Norris,1980-08-27 18:00:00,8,True,24.586314230302268,121.86947875151763,35.0,975.0,2,East China,East/North China,45.0,2,1980-08-23 06:00:00,15.5,141.5,Eastern Tropical WNP,3180.5576879553723,2330.617388318639,4.5,5.0,1.7771269353835208,5-6,True,4.0,2.410728513327363,3-4,True,15930.585017072457,26.710026070331935,596427.1609142043,7,10703.166867531423,37.782765594536954,283281.7211527524,5227.418149541034,16.693259699145475,313145.43976145197
1980,8014,Ruth,1980-09-15 00:00:00,9,True,19.429512534515474,110.73768106016487,25.0,985.0,1,South China,South China,30.0,1,1980-09-10 00:00:00,13.5,112.0,South China Sea,2120.664841026711,1211.6840276652404,5.0,7.0,1.670147255283453,7-8,True,6.0,1.889867161205926,5-6,True,8018.936256279619,26.947225936609836,297579.28608841664,7,7998.020857272161,28.437094374338972,281253.09681742324,20.915399007457722,1.2810949732536765,16326.189270993378
1980,8015,Percy,1980-09-19 00:00:00,9,True,23.833108457574028,117.6252529852292,35.0,980.0,2,South China,South China,60.0,3,1980-09-13 06:00:00,18.0,131.9,Western Tropical WNP,2157.4949442180973,1770.5357560617522,5.75,1.0,0.9333136032130692,1-2,False,6.0,2.0468517610362165,5-6,True,5371.22114052603,14.786621139481944,363248.7158397711,7,3343.0778725317314,20.04445733546011,166783.15688884142,2028.1432679942977,10.323149150538176,196465.55895092967
1981,8103,Ike,1981-06-13 06:00:00,6,True,22.42989262139437,120.48690335925492,30.0,974.0,1,South China,South China,30.0,1,1981-06-07 12:00:00,17.3,118.3,South China Sea,3917.117553400848,2011.4668586263908,5.75,5.0,1.4375796758724853,5-6,True,6.0,1.724105482355137,5-6,True,7831.90938430324,24.633345909414924,317939.32554285554,11,7831.713963540545,24.65848595439075,317607.2520440377,0.19542076269378836,0.5884864747998919,332.07349881785973
1981,8104,June,1981-06-20 12:00:00,6,True,24.36830058249547,121.77641618125378,30.0,980.0,1,East China,East/North China,40.0,2,1981-06-15 18:00:00,12.0,132.0,Western Tropical WNP,3411.481578837488,2308.2598932572173,4.75,5.0,0.8161500375532251,5-6,False,5.0,1.204880420766328,5-6,True,1466.5805041093454,8.115398912232948,180715.76270867707,8,1356.524720092439,8.246663236872783,164493.76931352017,110.05578401690651,6.784356357201084,16221.993395156873
1981,8105,Kelly,1981-07-03 18:00:00,7,True,18.28743978459335,109.72093369234442,45.0,965.0,2,South China,South China,45.0,2,1981-06-27 00:00:00,12.5,141.5,Eastern Tropical WNP,4430.40848067744,3635.876400672844,6.75,3.0,0.739184854306718,3-4,False,4.0,0.4301434054369694,3-4,False,5344.14810167627,22.49662989514487,237553.27471647752,9,5344.14810167627,22.49662989514487,237553.27471647752,0.0,,0.0
1981,8106,Lynn,1981-07-07 00:00:00,7,True,21.82254132108368,112.65163911927756,30.0,986.0,1,South China,South China,30.0,1,1981-07-01 00:00:00,8.5,139.5,Western Tropical WNP,4050.731753599809,3376.810515010051,6.0,4.0,0.9586734319686262,3-4,False,3.0,0.5446919231599552,3-4,False,20527.262183801515,31.47241097753245,652230.3676847488,8,17630.74472918136,46.86470224658669,376205.2010149166,2896.5174546201583,10.493671608157495,276025.1666698322
1981,8107,Maury,1981-07-20 06:00:00,7,True,25.8,119.61286755613555,15.0,994.0,0,East China,East/North China,30.0,1,1981-07-17 06:00:00,18.4,128.5,Western Tropical WNP,3709.112664042416,1505.0673917942445,3.0,2.0,1.3081598143720692,1-2,True,2.0,0.9731452213695354,1-2,False,78312.8327135318,63.82184267835009,1227053.770731966,9,46577.09176310245,89.21403675521198,522082.5495308772,31735.740950429354,45.01707303222939,704971.2212010887
1981,8108,(nameless),1981-07-23 06:00:00,7,True,28.147426155346302,121.04577215339611,20.0,996.0,1,East China,East/North China,25.0,1,1981-07-21 00:00:00,24.0,123.8,North WNP,2131.343287329316,553.2861197305292,2.25,3.0,1.0924989325693906,3-4,True,2.0,1.0437972767038262,1-2,True,40570.34357586224,29.489276745603092,1375765.9750645244,8,25321.767044691467,41.372648240493966,612041.2427432549,15248.576531170778,19.966063538133902,763724.7323212697
1981,8111,Roy,1981-08-09 12:00:00,8,True,18.943111762875024,110.50859020279158,12.0,995.0,0,South China,South China,25.0,1,1981-08-02 00:00:00,13.0,112.0,South China Sea,2916.662763630002,2269.8146069580666,7.5,6.0,2.403450018322371,5-6,True,6.0,2.1364465896178246,5-6,True,4134.54639870846,12.771867031757285,323722.9442201284,9,4103.994461226592,12.940604469584127,317140.86238187004,30.551937481868784,4.641683016501747,6582.081838258437
1981,8113,Warren,1981-08-19 00:00:00,8,True,18.67439318201156,110.32560681798844,20.0,990.0,1,South China,South China,25.0,1,1981-08-14 06:00:00,15.5,118.5,South China Sea,1644.0921025397618,1004.7521101112148,4.75,8.0,1.3105480386935564,7-8,True,7.0,1.2247878097178124,7-8,True,3987.9752320688194,14.620677869262186,272762.6767875755,7,3938.1259792714354,15.630811204165157,251946.3595224053,49.8492527973837,2.3947200728339864,20816.317265170183
1981,8116,Clara,1981-09-22 00:00:00,9,True,22.793867301308147,115.87674596856104,25.0,985.0,1,South China,South China,60.0,3,1981-09-14 00:00:00,11.0,144.0,Eastern Tropical WNP,3693.6192925902383,3398.4260930678292,8.0,5.0,2.0054393739560963,5-6,True,3.0,1.5066170457063548,3-4,True,15782.763179813519,38.31117649036443,411962.37301099364,9,9453.698596372877,55.76118196462603,169539.06397411277,6329.064583440644,26.10749192635506,242423.30903688085
1981,8120,Hazen,1981-11-22 12:00:00,11,False,18.368274636567502,109.75034571886,15.0,1005.0,0,South China,South China,45.0,2,1981-11-13 00:00:00,14.6,151.8,Eastern Tropical WNP,5136.14796803831,4805.228394105294,9.5,4.0,0.4430340508938316,3-4,False,5.0,0.9017325311535042,5-6,False,3987.352759950155,14.931907277075183,267035.729994915,11,3379.518729487618,17.482399599189687,193309.77480026596,607.8340304625368,8.244505328655992,73725.95519464904
1982,8208,Winona,1982-07-17 18:00:00,7,True,21.644864675132297,108.55279320388,12.0,998.0,0,South China,South China,25.0,1,1982-07-09 06:00:00,9.0,147.8,Eastern Tropical WNP,5101.127761203715,4856.6832429736,8.5,6.0,1.0085890073865018,5-6,True,8.0,0.5027478052740999,7-8,False,7612.824180770583,14.697336373200375,517973.05222271883,10,6527.217158909417,18.943574587177974,344561.0082126415,1085.607021861167,6.260274642735196,173412.04401007734
1982,8209,Andy,1982-07-29 00:00:00,7,True,22.86352646423509,121.1941225596082,40.0,965.0,2,South China,South China,55.0,3,1982-07-21 12:00:00,12.0,146.5,Eastern Tropical WNP,3472.6480914895133,3172.0271085479135,7.5,6.0,0.3730381159265838,5-6,False,6.0,1.4256158169564537,5-6,True,3134.3282311217517,14.223498415687526,220362.68008894398,9,2742.358036330167,19.2780854405033,142252.61345550773,391.97019479158524,5.01817770340752,78110.0666334362
1982,8212,Dot,1982-08-15 18:00:00,8,True,23.908451649666013,117.64787030601175,12.0,1000.0,0,South China,South China,35.0,2,1982-08-08 00:00:00,8.2,153.6,Eastern Tropical WNP,4808.153817570817,4373.3707355268725,7.75,5.0,0.9844020893156064,5-6,False,3.0,0.7822213159663152,3-4,False,10940.542345676571,19.495853211024148,561172.790298304,9,7470.331478002403,27.737813027979474,269319.41139220266,3470.21086767417,11.890254211484212,291853.37890610145
1982,8213,Ellis,1982-08-28 06:00:00,8,True,42.64031673828788,130.33992081542803,20.0,980.0,1,North China,East/North China,65.0,3,1982-08-17 00:00:00,9.5,153.5,Eastern Tropical WNP,6723.054962962275,5365.880670071178,11.25,6.0,1.391222572017332,5-6,True,5.0,1.113588655674116,5-6,True,27335.857290994547,47.41418856700934,576533.2723634284,14,19382.04741325677,57.141659826587585,339192.9368533752,7953.809877737775,33.51225513625715,237340.33551005318
1982,8217,Irving,1982-09-15 00:00:00,9,True,20.15529513325347,110.68940973349304,35.0,965.0,2,South China,South China,40.0,2,1982-09-05 06:00:00,13.3,132.2,Western Tropical WNP,3026.9311823830403,2618.609760383552,9.75,7.0,1.2435209253701087,7-8,True,6.0,2.021451429054034,5-6,True,16829.59850717104,38.36258046377793,438698.29150470207,12,14859.601163608562,52.500097705943524,283039.49540890683,1969.9973435624765,12.6558690737278,155658.79609579523
1983,8302,Tip,1983-07-13 06:00:00,7,True,19.800817572206917,110.99918242779307,15.0,994.0,0,South China,South China,30.0,1,1983-07-09 00:00:00,12.0,127.5,Western Tropical WNP,2319.1970255049473,2069.1909453650746,4.25,4.0,1.261986908893017,3-4,True,8.0,0.2045376396603925,7-8,False,4017.276584322473,19.334320868758386,207779.55489576267,6,3885.0482831186464,21.865991473619484,177675.3772087497,132.22830120382616,4.392357186387119,30104.177687012972
1983,8303,Vera,1983-07-17 12:00:00,7,True,19.45776964695701,110.76892141217196,30.0,970.0,1,South China,South China,35.0,2,1983-07-10 00:00:00,8.8,143.5,Eastern Tropical WNP,4933.031138083979,3792.2516380927855,7.5,4.0,1.3734781135162577,3-4,True,4.0,0.2802258896895631,3-4,False,12823.82597823762,26.540323437045554,483182.73168961646,9,11888.396620484567,30.619069772773926,388267.7269005597,935.4293577530525,9.85544234899415,94915.00478905678
1983,8304,Wayne,1983-07-25 12:00:00,7,True,23.90865084632118,117.7504840690467,30.0,975.0,1,South China,South China,65.0,3,1983-07-20 00:00:00,8.0,144.0,Eastern Tropical WNP,3786.5950800389737,3364.4573612485865,5.5,3.0,0.5330039669306106,3-4,False,3.0,1.2095703871335577,3-4,True,14169.935312847583,23.684069666404344,598289.7159328796,7,8642.585598873336,40.02263721615586,215942.43158430856,5527.349713974247,14.456359284443563,382347.284348571
1983,8309,Ellen,1983-09-09 06:00:00,9,True,22.25058343687346,113.59244040223324,30.0,985.0,1,South China,South China,60.0,3,1983-08-30 00:00:00,13.1,165.1,Eastern Tropical WNP,6204.773848258171,6040.308151164255,10.25,2.0,1.3984855655298634,1-2,True,6.0,0.1285173261969144,5-6,False,8273.888492270968,24.663313442698353,335473.51662598597,11,7467.549350170586,36.575582421377824,204167.61281170815,806.3391421003817,6.140920694936056,131305.90381427782
1983,8311,Georgia,1983-09-30 06:00:00,9,True,19.579811859611382,110.92042331587436,25.0,985.0,1,South China,South China,30.0,1,1983-09-28 00:00:00,17.0,117.5,South China Sea,1464.4165757184223,782.5092923425647,2.25,5.0,1.5019995608300358,5-6,True,5.0,2.163834451222315,5-6,True,10271.807493446586,30.60545478091615,335620.1555237634,4,9954.462382810249,34.01910883488563,292613.8492082495,317.34511063633613,7.379036653558373,43006.30631551392
1983,8314,Joe,1983-10-13 18:00:00,10,True,21.7229241209798,112.38153697002886,25.0,995.0,1,South China,South China,30.0,1,1983-10-09 12:00:00,13.0,129.0,Western Tropical WNP,2265.8202258560646,2139.7227243840725,4.25,6.0,0.1990725306037754,5-6,False,5.0,1.2592368113503687,5-6,True,12625.085573964203,29.561338188432895,427080.9898215059,6,8678.11173453167,39.45084839173587,219972.75314235207,3946.9738394325336,19.05754161553252,207108.23667915387
1984,8402,Wynne,1984-06-25 12:00:00,6,True,21.44099170212465,111.31305808512744,30.0,970.0,1,South China,South China,30.0,1,1984-06-18 06:00:00,20.2,136.0,North WNP,3367.5127357934434,2647.0862471510277,7.25,6.0,1.8287668565506063,5-6,True,6.0,1.194771985736056,5-6,True,16931.474916092353,25.245676954813305,670668.286946618,9,14412.10863749062,31.332778404732256,459969.0602386519,2519.3662786017303,11.957169079189978,210699.226707966
1984,8403,Alex,1984-07-03 06:00:00,7,True,23.228791957660132,121.40890100529248,30.0,985.0,1,South China,South China,35.0,2,1984-06-30 00:00:00,16.0,126.0,Western Tropical WNP,1081.9717530922194,1074.0017490769887,3.25,7.0,1.43824679968187,7-8,True,7.0,1.2803106811900964,7-8,True,36.473688308452104,2.1961325667370075,16608.14509146156,4,36.473688308452104,2.1961325667370075,16608.14509146156,0.0,,0.0
1984,8404,Betty,1984-07-09 06:00:00,7,True,21.613286169952428,111.73837460129162,25.0,985.0,1,South China,South China,30.0,1,1984-07-05 06:00:00,14.8,125.2,Western Tropical WNP,1837.3464258617519,1683.4350901041807,4.0,1.0,1.1368880295914134,1-2,True,8.0,1.3264095746743425,7-8,True,7643.059720240123,23.652503531708625,323139.565754374,5,7359.5249311495745,28.814908973098277,255406.8429652323,283.534789090549,4.186082847624761,67732.72278914173
1984,8406,Ed,1984-07-31 18:00:00,7,True,32.686550286769936,120.8985369981526,25.0,988.0,1,East China,East/North China,55.0,3,1984-07-25 00:00:00,28.7,135.0,North WNP,3602.5802335360113,2890.51037353338,6.75,8.0,1.115411473387556,7-8,True,6.0,1.3605642192234575,5-6,True,6423.8580263483,11.148740721088059,576195.8401451968,10,5902.642412447208,14.884080971331754,396574.193852902,521.2156139010901,2.901741658980934,179621.64629229484
1984,8407,Freda,1984-08-07 06:00:00,8,True,24.856512913756955,121.82615314682285,25.0,985.0,1,East China,East/North China,30.0,1,1984-08-02 00:00:00,16.0,137.0,Western Tropical WNP,8014.602540774796,2745.1446193537768,5.25,6.0,1.5031789110064038,5-6,True,6.0,0.4740250018028431,5-6,False,91260.00643079718,39.316475835163914,2321164.460757084,11,41182.24731821959,43.35195457357156,949951.3395256535,50077.75911257759,36.52077006643926,1371213.1212314307
1984,8408,Gerald,1984-08-21 06:00:00,8,True,22.148499103700637,114.34909946222038,15.0,990.0,0,South China,South China,30.0,1,1984-08-15 00:00:00,19.5,118.0,South China Sea,1864.7021702385741,1465.2926729727237,6.25,6.0,1.1938846178636615,5-6,True,6.0,2.235748621772464,5-6,True,7719.602495136268,24.120877273492617,320038.2145146787,7,7207.885202123693,28.96637073983926,248836.3235719495,511.71729301257506,7.186849762517852,71201.89094272917
1984,8410,Ike,1984-09-06 06:00:00,9,True,21.706746568244625,108.69578339484713,20.0,990.0,1,South China,South China,50.0,2,1984-08-26 18:00:00,10.5,145.9,Eastern Tropical WNP,5036.237724037456,4804.986332250113,10.5,1.0,0.8128040323196787,1-2,False,6.0,1.7533777382132645,5-6,True,17697.46292391794,37.013233602513935,478138.79527445376,12,15605.562740580064,58.77597188029123,265509.2249663493,2091.9001833378766,9.838237364194791,212629.57030810445
1984,8411,June,1984-08-31 00:00:00,8,True,22.848072282464194,116.14391567045844,12.0,990.0,0,South China,South China,30.0,1,1984-08-26 18:00:00,17.9,131.9,Western Tropical WNP,2259.6144820619024,1872.8996164685796,4.25,7.0,0.8627393060793135,7-8,False,6.0,1.7533777382132645,5-6,True,21691.465085559455,33.58713056457851,645826.6818552103,6,11554.548682126055,46.32436178156012,249427.04524696677,10136.916403433408,25.572466438589565,396399.63660824357
1985,8503,(nameless),1985-06-20 00:00:00,6,True,18.605917272353555,110.1881654552929,10.0,996.0,0,South China,South China,20.0,1,1985-06-15 18:00:00,18.6,112.3,South China Sea,1371.2614899683674,775.0810958499434,4.25,5.0,1.8841815572230585,5-6,True,5.0,1.2567857390550168,5-6,True,4417.905080549668,19.21339675857353,229938.7836551224,7,4414.888128512709,19.314652800129426,228577.14162395534,3.0169520369597205,2.2156719371933224,1361.6420311670377
1985,8504,Hal,1985-06-24 06:00:00,6,True,22.79367791113867,115.31329026110768,25.0,975.0,1,South China,South China,40.0,2,1985-06-17 06:00:00,12.5,141.3,Eastern Tropical WNP,4813.839995080826,3096.055862194993,7.0,6.0,1.879619918730184,5-6,True,5.0,1.6801720713578678,5-6,True,44345.41119221901,52.89663694338296,838340.8427209351,12,31333.63103482996,72.39959315662088,432787.39104301896,13011.78015738905,32.084007924367995,405553.4516779161
1985,8506,Jeff,1985-07-30 18:00:00,7,True,28.200350879623507,121.0996491203765,30.0,975.0,1,East China,East/North China,40.0,2,1985-07-22 00:00:00,22.5,145.0,North WNP,6628.770672538274,3548.979270928413,8.75,1.0,0.4587853167853616,1-2,False,1.0,1.7152980177669357,1-2,True,37244.28124684353,28.341734783782556,1314114.3804702847,13,28279.91669340926,35.32473884700712,800569.7314816886,8964.364553434263,17.455862058127153,513544.6489885963
1985,8508,Lee,1985-08-14 12:00:00,8,True,41.791968149681615,126.89239731880085,20.0,988.0,1,North China,East/North China,30.0,1,1985-08-10 06:00:00,22.9,131.4,North WNP,3502.158555715283,2523.08066709438,4.25,3.0,0.5153032350617754,3-4,False,2.0,0.8572919523933911,1-2,False,24337.134356881812,29.964501543728776,812198.8721008875,6,15183.844205227137,28.425501765639048,534162.750420873,9153.290151654675,32.92122655267431,278036.12168001436
1985,8509,Mamie,1985-08-18 06:00:00,8,True,31.69728961523114,121.80271038476886,30.0,982.0,1,East China,East/North China,35.0,2,1985-08-14 06:00:00,23.5,123.0,North WNP,3307.653397134278,1324.16710003227,4.0,2.0,0.3792883336763099,1-2,False,3.0,0.5153032350617754,3-4,False,28263.248057239896,23.357382841313576,1210034.8848694225,7,20196.49462714542,26.872811583113712,751558.6735195381,8066.75343009448,17.594704436995034,458476.21134988416
1985,8510,Nelson,1985-08-23 18:00:00,8,True,25.72591043360949,119.60364173443796,30.0,975.0,1,East China,East/North China,50.0,2,1985-08-16 00:00:00,15.0,141.0,Eastern Tropical WNP,3744.627127149761,2971.7949207920656,7.75,7.0,0.3634119303452439,7-8,False,4.0,0.3316899064940723,3-4,False,34334.57321877051,38.5735848991876,890105.8407846773,10,20995.15988626675,59.63572776246741,352056.73970965354,13339.413332503764,24.79218589130914,538049.1010750236
1985,8515,Tess,1985-09-06 00:00:00,9,True,21.723659259524545,112.3579089945574,30.0,975.0,1,South China,South China,40.0,2,1985-08-31 18:00:00,15.0,133.0,Western Tropical WNP,3449.5321801561818,2460.177284413076,5.25,8.0,0.4351112301374297,7-8,False,4.0,0.5854140017083314,3-4,False,51463.33098201335,47.1530756655995,1091409.844545059,9,35496.39369241558,69.58281363431269,510131.62357826234,15966.937289597767,27.46866597382773,581278.2209667967
1985,8517,Winona,1985-09-22 00:00:00,9,True,20.92303835440373,110.52617698735776,25.0,980.0,1,South China,South China,25.0,1,1985-09-19 00:00:00,14.5,115.5,South China Sea,1564.9406889084075,916.8283981008094,3.0,1.0,0.6426706280465077,1-2,False,3.0,0.1935641663586472,3-4,False,31064.544217010003,42.30477512796168,734303.4946539083,5,20241.407181156905,59.71822980266662,338948.54633238073,10823.137035853097,27.375746988377248,395354.94832152745
1985,8518,Andy,1985-09-29 18:00:00,9,True,18.699331712912823,110.4315512344342,25.0,980.0,1,South China,South China,35.0,2,1985-09-26 00:00:00,15.5,119.5,South China Sea,1799.079128051216,1224.3525485434209,3.75,2.0,0.356432725344976,1-2,False,8.0,0.5465352860668592,7-8,False,8498.82693358182,64.21343908809298,132352.7762143758,7,8498.573055109975,64.26680711254598,132238.91829925546,0.25387847184617696,2.2297832485151057,113.85791512033465
1985,8521,Dot,1985-10-21 00:00:00,10,True,18.198981931538363,109.61018068461637,40.0,970.0,2,South China,South China,70.0,3,1985-10-11 12:00:00,5.0,155.0,Eastern Tropical WNP,5993.497244808241,5309.805367867398,9.5,6.0,1.7639099318271627,5-6,True,4.0,0.7604711078419315,3-4,False,4676.383993039645,25.749885485631467,181607.95300037685,12,4676.383993039645,25.749885485631467,181607.95300037685,0.0,,0.0
1986,8604,Mac,1986-05-19 06:00:00,5,False,18.16537308804195,109.57597018396854,10.0,995.0,0,South China,South China,25.0,1,1986-05-16 06:00:00,17.5,113.8,South China Sea,3633.506770420872,943.4153425150083,3.0,6.0,1.7135671480872747,5-6,True,6.0,1.3161829338504372,5-6,True,14956.15993851839,48.61236620590035,307661.63233385416,14,14323.073721921644,57.674816451061524,248341.9038546073,633.0862165967436,10.672439554712913,59319.7284792468
1986,8607,Peggy,1986-07-11 18:00:00,7,True,22.809822581644585,114.7770806428293,20.0,985.0,1,South China,South China,65.0,3,1986-06-30 06:00:00,13.0,162.0,Eastern Tropical WNP,6506.659640184601,5323.440959650854,11.5,4.0,0.888477937992664,3-4,False,7.0,2.069613454172435,7-8,True,44757.97363394354,41.00935807110288,1091408.7842180128,14,34966.527788615116,63.9520385718784,546761.7384755416,9791.445845328417,17.977598376542314,544647.0457424711
1986,8609,(nameless),1986-07-20 18:00:00,7,True,20.345598645277423,110.45440135472258,20.0,996.0,1,South China,South China,20.0,1,1986-07-19 00:00:00,17.2,111.2,South China Sea,1284.897080238144,409.3086130365994,1.75,6.0,1.1019368794732776,5-6,True,6.0,1.2501323819690475,5-6,True,34664.370824015765,46.46010842274177,746110.4160283856,5,28486.848235901914,65.47877916078492,435054.66352620424,6177.522588113842,19.85985643544888,311055.75250218145
1986,8613,(nameless),1986-08-10 18:00:00,8,True,18.97955408334661,110.5102229583267,12.0,995.0,0,South China,South China,20.0,1,1986-08-09 00:00:00,15.0,114.5,South China Sea,720.160415404211,668.4586496840619,1.75,6.0,1.573628248166741,5-6,True,6.0,1.5906165752819126,5-6,True,4283.00717227051,29.55667559961678,144908.28502803753,2,4268.620133408118,30.834391158059933,138436.98458408916,14.387038862391826,2.223206755273726,6471.300443948347
1986,8616,Wayne,1986-08-22 00:00:00,8,True,23.977618823147743,120.33285646944324,35.0,965.0,2,South China,South China,45.0,2,1986-08-16 00:00:00,17.6,121.5,Western Tropical WNP,7608.27130576011,2173.3296091028824,6.0,7.0,2.2096721522319345,7-8,True,6.0,2.3087439268611023,5-6,True,19100.635541630127,28.5646399070068,668681.1247686974,22,18110.651251247073,34.23232544355607,529051.1531595713,989.9842903830528,7.090055802305616,139629.97160912608
1986,8617,Abby,1986-09-19 06:00:00,9,True,23.41329255389691,121.47621960435936,45.0,946.0,2,South China,South China,50.0,2,1986-09-12 00:00:00,9.9,150.0,Eastern Tropical WNP,5831.096820546661,3467.872653170541,7.25,6.0,1.444775405939275,5-6,True,5.0,1.1430149724876872,5-6,True,3647.3615195562074,16.09399316953157,226628.74782755782,10,3516.09197607436,18.81710872981611,186856.12261479034,131.26954348184785,3.300499848315488,39772.62521276749
1986,8621,Ellen,1986-10-19 06:00:00,10,True,21.1,110.3257989601738,20.0,995.0,1,South China,South China,40.0,2,1986-10-09 06:00:00,8.5,140.0,Eastern Tropical WNP,4000.6168944762294,3872.739217730746,10.0,3.0,0.7570476266007042,3-4,False,1.0,0.5931039315737687,1-2,False,4234.480966438313,10.855506285034796,390076.7827177155,11,3306.5186288459995,13.153258905905071,251383.98418977062,927.962337592313,6.6907752056451635,138692.7985279448
1987,8702,Ruth,1987-06-19 06:00:00,6,True,21.506380730827303,111.5462044614389,35.0,982.0,2,South China,South China,35.0,2,1987-06-16 12:00:00,17.2,118.0,South China Sea,1310.6782789408117,842.2914989159536,2.75,5.0,0.5317083251158236,5-6,False,5.0,1.1019538600362464,5-6,True,15066.341938719852,24.287079076955624,620343.9240668216,5,12754.801641457681,34.93746585822768,365075.18012941285,2311.540297262168,9.055320528505257,255268.74393740864
1987,8704,Thelma,1987-07-16 18:00:00,7,True,45.14701158221855,132.4571632430212,12.0,990.0,0,North China,East/North China,60.0,3,1987-07-07 06:00:00,12.0,150.0,Eastern Tropical WNP,6014.584133216608,5804.331254030491,9.5,6.0,1.4139897250198776,5-6,True,6.0,0.8311972153510488,5-6,False,10878.098189998766,24.469406897595753,444559.12787439063,11,9052.861884935337,26.365987242288163,343353.7990345203,1825.2363050634274,18.034982208806046,101205.32883987037
1987,8705,Vernon,1987-07-21 06:00:00,7,True,24.420636935078644,121.78730095778792,25.0,990.0,1,East China,East/North China,30.0,1,1987-07-16 00:00:00,10.0,143.0,Eastern Tropical WNP,3589.3378083525195,3097.6893072648195,5.25,7.0,1.1554106818872474,7-8,True,6.0,1.4139897250198776,5-6,True,5319.952426053826,19.155928060395418,277718.33394241775,7,4491.196242710745,20.39784400732675,220179.9484836506,828.7561833430818,14.403535600368572,57538.38545876714
1987,8707,Alex,1987-07-27 18:00:00,7,True,27.818069195852317,120.78425744055302,25.0,985.0,1,East China,East/North China,35.0,2,1987-07-22 06:00:00,9.0,139.7,Western Tropical WNP,4694.689050977393,3226.62256234983,5.5,8.0,1.4420931141741902,7-8,True,8.0,1.4968564473568526,7-8,True,14855.459423048429,19.73849947250924,752613.4113557286,9,12319.056082945743,27.272335670177764,451705.2089680974,2536.4033401026845,8.429159856650497,300908.2023876313
1987,8710,Cary,1987-08-21 18:00:00,8,True,18.294780273071364,109.20782959039296,35.0,970.0,2,South China,South China,40.0,2,1987-08-12 18:00:00,13.5,135.3,Western Tropical WNP,3633.100916065039,3008.8560649118676,9.0,4.0,1.852677588008629,3-4,True,3.0,0.8694109176299343,3-4,False,4582.64036044897,24.4742834598511,187243.08590960683,12,4582.64036044897,24.4742834598511,187243.08590960683,0.0,,0.0
1987,8712,Gerald,1987-09-10 12:00:00,9,True,24.60125368783701,118.670353981854,30.0,980.0,1,East China,East/North China,45.0,2,1987-09-02 00:00:00,15.3,133.4,Western Tropical WNP,2454.364945305577,2141.993779692243,8.5,6.0,1.096289245652208,5-6,True,6.0,1.5379088994163543,5-6,True,19942.481991677894,43.984142666265186,453401.63028739253,10,12808.339139181218,75.68265303461625,169237.44907994772,7134.142852496677,25.10570763064831,284164.1812074448
1987,8719,Lynn,1987-10-28 06:00:00,10,True,22.14099153494784,113.40115736866083,10.0,1008.0,0,South China,South China,70.0,3,1987-10-16 00:00:00,12.0,155.0,Eastern Tropical WNP,4726.884420561752,4714.573711848441,12.25,2.0,1.4736304594039848,1-2,True,4.0,0.4391996914581177,3-4,False,1223.7158612392768,5.106609164558852,239633.74164840573,13,1044.316340250941,6.3699976449528135,163942.97116866155,179.39952098833587,2.3701637577641694,75690.77047974424
1988,8804,Vanessa,1988-06-29 12:00:00,6,True,21.865393766972947,112.95576770550451,15.0,1000.0,0,South China,South China,25.0,1,1988-06-26 12:00:00,7.2,131.0,Western Tropical WNP,2687.083005380094,2649.435096653236,3.0,2.0,1.0544606550099431,1-2,True,8.0,0.9761719302238964,7-8,False,2488.5164122182027,8.015940035644249,310445.98651594063,4,1980.648455567752,8.890309995615734,222787.33323635632,507.8679566504514,5.793700195582791,87658.65327958426
1988,8805,Warren,1988-07-19 12:00:00,7,True,22.851281015161184,116.1487189848388,30.0,975.0,1,South China,South China,55.0,3,1988-07-13 00:00:00,11.6,144.1,Eastern Tropical WNP,3736.436117429824,3325.3076174967655,6.5,4.0,1.043022101423162,3-4,True,2.0,0.8818104266785587,1-2,False,18334.388482591665,35.89196052254993,510821.5939074344,8,11965.749308056927,55.06624752732929,217297.3435700035,6368.639174534738,21.69714824997747,293524.2503374309
1988,8807,Bill,1988-08-07 18:00:00,8,True,29.42466613117643,121.9636685408825,35.0,970.0,2,East China,East/North China,35.0,2,1988-08-04 18:00:00,21.0,128.2,North WNP,2273.452833747368,1255.2402471425366,3.0,2.0,1.007651328995094,1-2,True,3.0,1.095472418665281,3-4,True,19730.76748539676,20.01914278492843,985595.0225926368,6,5205.521478281514,23.931265192035017,217519.69386115257,14525.246007115245,18.911225844351016,768075.3287314841
1988,8817,Kit,1988-09-22 00:00:00,9,True,22.839640653819878,116.12316515386868,25.0,985.0,1,South China,South China,35.0,2,1988-09-19 00:00:00,16.0,125.5,Western Tropical WNP,1377.20785654,1272.8350540801516,3.0,4.0,2.420259521826063,3-4,True,3.0,0.9917541117308806,3-4,False,11361.733446984272,34.82434499042196,326258.3531753199,4,8215.884673382152,49.74819445429175,165149.40418452458,3145.848773602123,19.526219948103915,161108.9489907953
1988,8823,Pat,1988-10-22 12:00:00,10,True,18.593645396549118,110.181605651733,30.0,985.0,1,South China,South China,35.0,2,1988-10-16 12:00:00,6.0,139.0,Western Tropical WNP,4491.878691226636,3805.7198153725644,6.0,6.0,1.7104109211121925,5-6,True,5.0,2.3282275406336552,5-6,True,8365.08719599072,26.01462621829958,321553.234161267,8,7960.686692905005,28.66496878551179,277714.8216162927,404.4005030857148,9.224798061992681,43838.41254497433
1988,8824,Ruby,1988-10-28 06:00:00,10,True,18.74964777474967,110.45176112625164,25.0,980.0,1,South China,South China,45.0,2,1988-10-21 00:00:00,10.2,138.0,Western Tropical WNP,3547.153469601275,3280.9200100718313,7.25,6.0,1.1770751577253231,5-6,True,6.0,1.792538355999972,5-6,True,9150.47579677636,57.005106511657054,160520.28242250835,9,9149.724524333533,57.08137211561682,160292.6521422962,0.7512724428261524,3.300406440329321,227.63028021215138
1989,8903,Brenda,1989-05-20 18:00:00,5,False,21.76925667133878,112.6153379915902,25.0,985.0,1,South China,South China,35.0,2,1989-05-14 06:00:00,6.0,134.0,Western Tropical WNP,3266.188472690464,2982.55506288503,6.5,5.0,1.6690357106848617,5-6,True,3.0,0.8907793623389977,3-4,False,19421.237678601876,53.19326250287329,365107.09749289806,8,16926.379279669673,80.92432697580323,209163.05284479837,2494.8583989322037,15.998420488336398,155944.04464809966
1989,8905,Dot,1989-06-10 06:00:00,6,True,18.38667754543459,109.75497552277216,35.0,970.0,2,South China,South China,40.0,2,1989-06-04 00:00:00,7.3,137.0,Western Tropical WNP,3771.2475313799487,3235.048534184775,6.25,5.0,0.8440242805795526,5-6,False,5.0,0.2065029621429158,5-6,False,9329.663042833461,31.74695158818772,293875.870787695,8,9067.955314240144,33.51525031173885,270562.06443023507,261.70772859331873,11.22543974933455,23313.806357459885
1989,8907,Faye,1989-07-10 18:00:00,7,True,19.628690756927764,110.97827310768058,20.0,990.0,1,South China,South China,30.0,1,1989-07-06 00:00:00,14.5,130.0,Western Tropical WNP,2674.3964204402273,2179.869735633717,4.75,3.0,0.6366330241261163,3-4,False,1.0,0.561599823877352,1-2,False,5875.572362681554,13.59669608936063,432132.3595133652,6,5064.352936090588,16.13606215897979,313853.0879587776,811.2194265909671,6.858508815017328,118279.27155458758
1989,8908,Gordon,1989-07-18 06:00:00,7,True,21.578761803404063,111.67787338751845,35.0,970.0,2,South China,South China,60.0,3,1989-07-11 00:00:00,18.5,148.0,Eastern Tropical WNP,4591.441187465875,3998.2984872661027,7.25,6.0,1.5851296916047892,5-6,True,3.0,0.6303637421708832,3-4,False,24000.220032356145,31.86024425985339,753296.7995037771,9,19934.056878419186,48.54139754511965,410660.9592336172,4066.163153936953,11.867302471133447,342635.8402701599
1989,8909,Hope,1989-07-20 18:00:00,7,True,28.826771858298592,121.6803155748958,40.0,975.0,2,East China,East/North China,40.0,2,1989-07-15 12:00:00,19.8,136.4,Western Tropical WNP,2389.3063313009484,1899.0484022406586,5.25,6.0,1.4611476251479716,5-6,True,5.0,1.287879803431467,5-6,True,15056.525495517553,32.987097585355066,456436.8070442802,9,11811.960814055812,58.37902371363025,202332.27729188584,3244.5646814617417,12.768621970743002,254104.52975239442
1989,8913,Ken,1989-08-04 00:00:00,8,True,31.20816288038269,121.76734847846924,25.0,985.0,1,East China,East/North China,30.0,1,1989-07-28 00:00:00,23.0,129.5,North WNP,4227.298948320246,3276.589250438229,7.0,1.0,0.8517121014557012,1-2,False,8.0,1.7219967090859831,7-8,True,35160.71902252852,31.735467687696904,1107931.3331235233,11,7607.865905572843,31.37862355889059,242453.78039908592,27552.85311695568,31.83543354789738,865477.5527244376
1989,8912,(nameless),1989-07-30 00:00:00,7,True,25.0696022623184,121.9215909507264,15.0,996.0,0,East China,East/North China,20.0,1,1989-07-28 18:00:00,25.0,128.0,North WNP,704.3204121323997,646.0176155173524,1.25,8.0,1.1847701870899026,7-8,True,8.0,1.7219967090859831,7-8,True,1332.1535011637225,8.159353782821057,163267.03518708522,3,1270.4635212682974,8.703251984703474,145975.7253382091,61.689979895424955,3.567686915253252,17291.309848876102
1989,8918,(nameless),1989-08-20 00:00:00,8,True,26.8,120.13535744114094,10.0,1004.0,0,East China,East/North China,25.0,1,1989-08-16 00:00:00,28.0,128.5,North WNP,1052.90932526116,989.8495061967951,4.0,7.0,0.9752287729899936,7-8,False,5.0,0.2301064034293373,5-6,False,4358.516720786375,15.840620891151387,275148.0987226362,5,4120.912922308959,18.988474638046853,217021.7987943046,237.60379847741444,4.0877158664902895,58126.2999283316
1989,8921,Sarah,1989-09-11 18:00:00,9,True,23.65334438678431,121.53464898114512,30.0,975.0,1,South China,South China,55.0,3,1989-09-05 00:00:00,20.5,147.0,North WNP,3729.7249563704495,3596.207891959003,6.75,8.0,0.5312606889622304,7-8,False,1.0,1.1245772958637203,1-2,True,953.8436872289404,7.649334670304933,124696.2942975688,8,950.6699704634235,7.838928818015005,121275.49471793199,3.1737167655168155,0.9277704500460001,3420.799579636815
1989,8923,Vera,1989-09-15 12:00:00,9,True,28.43878474405189,121.57063298763244,30.0,980.0,1,East China,East/North China,30.0,1,1989-09-11 06:00:00,18.0,148.0,Eastern Tropical WNP,5964.063261975623,3087.378808302096,4.25,2.0,0.849773003361164,1-2,False,8.0,0.5312606889622304,7-8,False,16842.86938898989,29.20980716730222,576616.9318585569,8,13614.870691789585,44.251430531289124,307670.7470996409,3227.998697200308,12.002396316177132,268946.18475891603
1989,8926,Brian,1989-10-02 18:00:00,10,True,18.415695152071283,110.06771364053462,35.0,975.0,2,South China,South China,40.0,2,1989-09-29 00:00:00,17.0,118.5,South China Sea,1736.5787359114136,1133.4979999548714,3.75,1.0,0.5308363818183361,1-2,False,2.0,1.320879799054685,1-2,True,7603.496842672489,48.25309238074318,157575.32766349477,5,7598.089914725269,48.70636193114327,155997.8945967423,5.4069279472200575,3.427675038124782,1577.4330667524682
1990,9004,Nathan,1990-06-18 12:00:00,6,True,21.608017466547416,109.55991266726294,20.0,990.0,1,South China,South China,30.0,1,1990-06-12 18:00:00,8.4,131.9,Western Tropical WNP,3606.1657082281386,3225.416071696763,5.75,6.0,0.9319201121849056,5-6,False,7.0,0.8013903609286991,7-8,False,21006.92512906417,36.5392285639714,574914.303192967,8,18758.181922355256,51.76253567538878,362389.16192187415,2248.7432067089208,10.581069106739092,212525.1412710928
1990,9005,Ofelia,1990-06-23 06:00:00,6,True,23.120770557575906,121.4,40.0,965.0,2,South China,South China,40.0,2,1990-06-16 06:00:00,8.5,139.0,Western Tropical WNP,4968.388584819738,2879.931278864969,7.0,7.0,0.7433270232528855,7-8,False,6.0,0.6922093673728261,5-6,False,9854.545675769843,14.946325940416681,659328.9692098815,11,8958.242163184126,20.416507775776008,438774.45945055276,896.3035125857193,4.063863910848045,220554.50975932882
1990,9006,Percy,1990-06-29 12:00:00,6,True,23.86722617764186,117.60492176504052,30.0,980.0,1,South China,South China,45.0,2,1990-06-20 18:00:00,11.0,146.5,Eastern Tropical WNP,4415.956652212916,4067.815174612504,8.75,8.0,1.2686494557189292,7-8,True,6.0,1.145234684798894,5-6,True,16006.73997822505,30.560638766796426,523769.81058445945,11,11317.112793069424,41.19196501324197,274740.7847484653,4689.627185155628,18.831648918885975,249029.02583599422
1990,9009,Tasha,1990-07-31 00:00:00,7,True,22.716392464000347,115.56816980666652,25.0,980.0,1,South China,South China,35.0,2,1990-07-26 12:00:00,20.0,119.6,North WNP,1421.641205026401,1088.6752400930077,4.5,6.0,0.7819475403930713,5-6,False,6.0,0.5250504078183011,5-6,False,19411.04085200236,31.656057011609832,613185.6802280643,6,13445.696882102633,55.68851792040635,241444.68885525197,5965.343969899728,16.047043797538038,371740.9913728123
1990,9012,Yancy,1990-08-19 06:00:00,8,True,24.77432879926527,121.81213680416349,40.0,960.0,2,East China,East/North China,40.0,2,1990-08-11 00:00:00,9.1,155.1,Eastern Tropical WNP,5606.2453251106135,4411.381951912414,8.25,5.0,1.740229110323924,5-6,True,7.0,0.3607399080224363,7-8,False,43792.57145674239,96.92416494512472,451823.046208717,13,36249.21431586397,147.53558022069453,245698.11744149946,7543.357140878424,36.59604486460413,206124.92876721756
1990,9015,Abe,1990-08-31 06:00:00,8,True,28.62360667724609,121.5125057006836,30.0,980.0,1,East China,East/North China,45.0,2,1990-08-24 06:00:00,12.5,144.0,Eastern Tropical WNP,4862.72169152911,3125.8796659720065,7.0,3.0,0.3024075106814936,3-4,False,7.0,1.8927513648041496,7-8,True,27701.80832680921,44.782620840098865,618583.901681893,10,25432.27410118949,57.67582657934844,440952.0523507476,2269.534225619716,12.776617673944255,177631.84933114547
1990,9017,Cecil,1990-09-04 12:00:00,9,True,26.921477763638176,120.20469631514908,20.0,1000.0,1,East China,East/North China,30.0,1,1990-09-02 12:00:00,21.0,123.0,North WNP,885.2866327357301,767.3636812215017,2.0,3.0,0.5384122387053722,3-4,False,3.0,0.4322609908013035,3-4,False,8585.348309393867,26.017084788374717,329988.86613269144,4,8304.437297848272,33.45359953278312,248237.48158132497,280.9110115455953,3.436162128472475,81751.3845513665
1990,9018,Dot,1990-09-07 18:00:00,9,True,23.245407610915333,121.40918477816936,35.0,970.0,2,South China,South China,40.0,2,1990-09-03 00:00:00,17.2,142.8,Eastern Tropical WNP,2784.5902774485817,2702.1861129095755,4.75,7.0,0.4469050432308427,7-8,False,3.0,0.4233240675099182,3-4,False,887.5152867305583,9.53329637936167,93096.36996620728,5,876.0370011012114,9.955687336108472,87993.62329549022,11.478285629346862,2.2494327800392053,5102.746670717054
1991,9103,Vanessa,1991-04-28 06:00:00,4,False,18.65750890376229,110.26332937610564,15.0,1000.0,0,South China,South China,25.0,1,1991-04-23 00:00:00,7.0,131.0,Western Tropical WNP,3072.2981196675655,2810.4902197723113,5.25,5.0,1.3698534062817749,5-6,True,4.0,0.950536781410071,3-4,False,6.301187670553341,0.9821748981780953,6415.545420924373,6,6.301187670553341,0.9821748981780953,6415.545420924373,0.0,,0.0
1991,9106,Zeke,1991-07-13 00:00:00,7,True,18.659046957404662,110.26857738335802,40.0,965.0,2,South China,South China,45.0,2,1991-07-08 12:00:00,13.0,128.5,Western Tropical WNP,3020.6080721406242,2132.3457886728597,4.5,5.0,0.5476087105380721,5-6,False,5.0,0.8892196122452981,5-6,False,21313.6456702452,35.273651061383305,604237.0162690314,8,18073.030141115687,43.90405698524992,411648.2936232415,3240.6155291295127,16.826611052868692,192588.72264578997
1991,9107,Amy,1991-07-19 12:00:00,7,True,23.181611349042143,116.57355460383144,30.0,970.0,1,South China,South China,55.0,3,1991-07-15 00:00:00,13.0,138.0,Western Tropical WNP,3228.742645361803,2579.5683931359504,4.5,5.0,1.6769269805510298,5-6,True,5.0,0.8899084238155508,5-6,False,24964.55392960254,28.890142904924268,864120.1260845057,6,16332.821721736722,52.80063704502307,309330.01258696435,8631.732207865822,15.55855448369318,554790.1134975414
1991,9108,Brendan,1991-07-24 00:00:00,7,True,21.991759730354516,113.21483248536188,30.0,980.0,1,South China,South China,35.0,2,1991-07-20 00:00:00,11.5,129.0,Western Tropical WNP,3149.6459272836155,2114.6272561465316,4.0,6.0,1.5484250919802964,5-6,True,5.0,1.8398503489149605,5-6,True,20412.434064096586,31.99018287277513,638084.3193449936,6,18398.25304854411,50.0961072310385,367259.13579857827,2014.1810155524804,7.437199854079602,270825.1835464152
1991,9111,Fred,1991-08-16 00:00:00,8,True,20.4,110.49452246497658,45.0,960.0,2,South China,South China,45.0,2,1991-08-11 12:00:00,16.5,123.6,Western Tropical WNP,2239.9409952550704,1546.1785846971902,4.5,5.0,2.0335861016447097,5-6,True,5.0,0.9832533234626748,5-6,False,16411.067892003022,49.25556974711373,333181.9726430974,7,15594.66823950197,56.039800308471364,278278.44056654454,816.3996525010504,14.869710957078878,54903.5320765529
1991,9116,Joel,1991-09-06 18:00:00,9,True,22.804362455581813,115.09345631662728,25.0,985.0,1,South China,South China,30.0,1,1991-09-02 12:00:00,17.5,119.3,South China Sea,1369.2454728107818,1028.1530022750019,4.25,6.0,2.249580755110271,5-6,True,6.0,1.4504372437351938,5-6,True,33273.79221271464,57.410822448312324,579573.5158239799,7,17588.11585784349,70.67812118956512,248848.09558916505,15685.67635487115,47.42809410820111,330725.4202348147
1991,9119,Nat,1991-09-23 00:00:00,9,True,22.2,120.88574782348364,45.0,950.0,2,South China,South China,50.0,2,1991-09-14 00:00:00,16.5,130.4,Western Tropical WNP,5878.006503262286,2847.6536676614605,9.0,1.0,0.5489429857655904,1-2,False,7.0,2.48671608371966,7-8,True,6601.369247867226,20.16797446362502,327319.39738288854,19,5921.745497533037,25.913865880622673,228516.4832145356,679.6237503341871,6.878580010060819,98802.9141683529
1992,9204,Chuck,1992-06-28 00:00:00,6,True,18.4154979402586,109.91266941298854,35.0,960.0,2,South China,South China,35.0,2,1992-06-24 00:00:00,13.0,118.9,South China Sea,2152.346645294048,1206.199323137369,4.0,6.0,0.5225463280680046,5-6,False,6.0,1.1786418805841543,5-6,True,18803.107806281412,34.738266627518954,541279.391050156,8,15126.633834459502,51.40153118099519,294283.7204828698,3676.4739718219116,14.884770908647862,246995.67056728614
1992,9205,Eli,1992-07-13 00:00:00,7,True,19.196348415072933,110.6054773773906,35.0,970.0,2,South China,South China,35.0,2,1992-07-08 00:00:00,8.0,141.0,Eastern Tropical WNP,4214.28363984779,3594.57646434163,5.0,2.0,1.1161968326544365,1-2,True,1.0,0.7905426541169364,1-2,False,9827.057387720255,25.619940277490425,383570.6594661451,7,9527.747633902316,28.61321481877743,332984.1716230268,299.3097538179383,5.9167925384773605,50586.487843118346
1992,9206,Faye,1992-07-18 00:00:00,7,True,22.157458183980687,113.47149163679616,20.0,992.0,1,South China,South China,25.0,1,1992-07-15 00:00:00,16.5,123.5,Western Tropical WNP,1450.6627924632703,1354.0467505690192,3.0,4.0,0.949281679065044,3-4,False,3.0,1.5907386388544622,3-4,True,3873.020440722028,13.712845589037,282437.3989756283,4,3485.489906935913,19.20617946239118,181477.52465611752,387.5305337861157,3.8384609370618468,100959.8743195108
1992,9207,Gary,1992-07-23 00:00:00,7,True,21.122457640702557,110.36257059882908,25.0,985.0,1,South China,South China,35.0,2,1992-07-17 06:00:00,14.0,131.0,Western Tropical WNP,3017.1583478948955,2389.9901711988778,5.75,4.0,1.001399115880857,3-4,True,3.0,1.0546349290495685,3-4,True,17643.550889183134,28.17529130299962,626206.511920065,7,16379.537471559723,39.61017784086807,413518.4027035603,1264.0134176234167,5.943037541119522,212688.10921650476
1992,9212,Mark,1992-08-19 06:00:00,8,True,23.591887847247225,116.97295949082408,12.0,998.0,0,South China,South China,25.0,1,1992-08-15 00:00:00,18.4,117.5,South China Sea,975.3212455381788,870.8940486532535,4.25,4.0,1.8844889031676304,3-4,True,4.0,1.1116639927761114,3-4,True,10557.715212971843,35.34769188859629,298681.8841311086,5,9862.141595895171,49.14137938341248,200689.14873041003,695.5736170766733,7.098216150742485,97992.73540069856
1992,9215,Omar,1992-09-05 12:00:00,9,True,24.4,117.8978012409439,12.0,992.0,0,East China,East/North China,55.0,3,1992-08-23 00:00:00,6.8,158.6,Eastern Tropical WNP,6146.428899990395,4889.263231309385,13.5,6.0,1.6657755360660804,5-6,True,5.0,1.0458828129011348,5-6,True,35110.01384070816,41.110655886727244,854036.8204644378,17,23160.051742836644,48.79337868380688,474655.62679968297,11949.962097871514,31.498562125436433,379381.193664755
1992,9216,Polly,1992-08-30 06:00:00,8,True,23.982680645877164,121.61731935412284,30.0,975.0,1,South China,South China,35.0,2,1992-08-26 18:00:00,20.2,128.0,North WNP,1410.3798054537776,834.1136190596833,3.5,5.0,2.189257541400147,5-6,True,6.0,1.4668991598262933,5-6,True,25688.07958031804,57.50420025255701,446716.57839769335,6,21934.406299011232,89.5156496538218,245034.31951660715,3753.673281306806,18.611816934874813,201682.2588810862
1992,9219,Ted,1992-09-22 06:00:00,9,True,23.21403434605569,121.39649141348607,35.0,975.0,2,South China,South China,35.0,2,1992-09-16 00:00:00,16.5,149.5,Eastern Tropical WNP,8023.218808225563,3577.1288806278912,6.25,1.0,0.9184575391778842,1-2,False,7.0,1.6013099143737988,7-8,True,18177.479823771446,38.97626837066971,466373.01577721856,11,16747.665695807784,50.88928852328308,329100.0165613501,1429.8141279636623,10.415843874112566,137272.99921586845
1993,9302,Koryn,1993-06-27 18:00:00,6,True,21.596322142901677,111.91103357129498,30.0,975.0,1,South China,South China,60.0,3,1993-06-15 18:00:00,4.2,156.5,Eastern Tropical WNP,6063.924207239022,5578.733603177104,12.0,1.0,0.8484900268361195,1-2,False,6.0,1.1478061340927763,5-6,True,16768.908364716626,26.52657212992726,632155.1191229097,14,14793.151029243538,41.466857553994714,356746.3729312287,1975.7573354730853,7.17390919058897,275408.746191681
1993,9303,Lewis,1993-07-10 18:00:00,7,True,18.37844937805736,109.7586074633117,30.0,980.0,1,South China,South China,30.0,1,1993-07-07 00:00:00,9.3,128.0,Western Tropical WNP,2967.1729412788177,2254.1444809089035,3.75,5.0,0.9401162452908188,5-6,False,4.0,1.133292757879083,3-4,True,3998.8435723293746,17.74598999486952,225337.869202308,6,3998.8435723293746,17.74598999486952,225337.869202308,0.0,,0.0
1993,9309,Tasha,1993-08-21 00:00:00,8,True,21.51647015999051,111.567059680019,35.0,970.0,2,South China,South China,35.0,2,1993-08-14 00:00:00,10.0,141.0,Eastern Tropical WNP,4381.972610095532,3726.664274921547,7.0,8.0,0.9546439146345936,7-8,False,7.0,0.5269847302597818,7-8,False,37342.4181069916,45.69244205212327,817255.9055695371,9,30336.366834971046,77.87933131192014,389530.39688372094,7006.051272020548,16.379783598940815,427725.50868581614
1993,9315,Abe,1993-09-14 00:00:00,9,True,22.967289614550463,116.51233661671924,35.0,965.0,2,South China,South China,50.0,2,1993-09-09 00:00:00,19.0,124.0,Western Tropical WNP,1308.5889253129562,970.4779636344791,5.0,2.0,0.4239619851289119,1-2,False,2.0,0.5908786998819232,1-2,False,4575.82128321333,18.430044876792405,248280.5285501678,6,4190.009789778082,26.700114693686075,156928.53150061253,385.8114934352468,4.223350401699019,91351.99704955527
1993,9316,Becky,1993-09-17 06:00:00,9,True,21.89328938117811,112.98791695960264,25.0,985.0,1,South China,South China,35.0,2,1993-09-13 06:00:00,13.5,130.5,Western Tropical WNP,2766.6597730222948,2118.1986399019474,4.0,7.0,0.3827370103608564,7-8,False,2.0,0.537968788197346,1-2,False,24202.11350894485,35.22601712419177,687052.2268702311,6,18280.608100048496,47.23909993038657,386980.44897103315,5921.505408896352,19.733629901328285,300071.77789919794
1993,9318,Dot,1993-09-26 12:00:00,9,True,21.73165461417581,112.4,20.0,990.0,1,South China,South China,40.0,2,1993-09-21 00:00:00,17.9,117.0,South China Sea,1118.1005065649865,995.5069407459515,5.5,3.0,0.2709684840211187,3-4,False,8.0,0.6412678800284084,7-8,False,23973.33658396588,66.06887699108368,362853.70170891815,7,21716.670347024832,102.14273504672867,212611.0127860763,2256.666236941053,15.020140102124895,150242.6889228419
1993,9323,Ira,1993-11-04 18:00:00,11,False,21.606257247439167,111.93124758418696,20.0,995.0,1,South China,South China,45.0,2,1993-10-27 12:00:00,12.5,146.0,Eastern Tropical WNP,4094.895270941894,3934.716460023388,8.25,2.0,2.202556350884492,1-2,True,8.0,2.2740920608451978,7-8,True,9248.16518758819,36.72298635709967,251835.86916536925,10,7968.310604000707,55.46940599037473,143652.3514490745,1279.8545835874845,11.830402732362908,108183.51771629477
1994,9403,Russ,1994-06-08 12:00:00,6,True,20.961403220265986,110.28464919493352,20.0,990.0,1,South China,South China,30.0,1,1994-06-03 06:00:00,20.3,114.1,North WNP,1526.6221473119394,1157.4656576455898,5.25,4.0,1.576969180118415,3-4,True,2.0,0.542265215295178,1-2,False,30767.721701999555,46.131924146641886,666950.7563611836,7,23770.13943304065,76.02375245718044,312667.27390796616,6997.582268958906,19.751364699546574,354283.48245321744
1994,9404,Sharon,1994-06-25 06:00:00,6,True,21.61265485648488,111.7887345143515,10.0,998.0,0,South China,South China,20.0,1,1994-06-22 06:00:00,13.5,126.0,Western Tropical WNP,2491.9320097377795,1891.4745114550421,3.0,7.0,0.4761287037760728,7-8,False,7.0,0.9233811444248804,7-8,False,6682.902131422934,10.766698977676732,620701.1216045894,4,4074.3527459441816,15.650153149984355,260339.48082790838,2608.5493854787514,7.238698824482516,360361.640776681
1994,9405,(nameless),1994-07-04 12:00:00,7,True,21.486722366460317,111.36093646672562,20.0,993.0,1,South China,South China,20.0,1,1994-07-02 12:00:00,18.5,118.7,South China Sea,1417.9498986241074,918.5749906330916,2.0,5.0,0.3458490223325544,5-6,False,8.0,0.2347140321110521,7-8,False,38397.238196203405,50.52480763686013,759968.023474292,5,25669.107771918454,75.47973193372327,340079.4771563022,12728.130424284953,30.31311650650669,419888.5463179897
1994,9406,Tim,1994-07-10 12:00:00,7,True,23.257747982041742,121.4138016143666,45.0,950.0,2,South China,South China,55.0,3,1994-07-07 00:00:00,12.8,131.6,Western Tropical WNP,4260.263119577816,1608.6763881403272,3.5,5.0,1.4153130196261394,5-6,True,5.0,1.4250451233423478,5-6,True,90600.28529622522,46.85395287797337,1933674.316277753,7,30813.490275648484,55.46818456905371,555516.4733629962,59786.79502057673,43.38167455052151,1378157.8429147569
1994,9413,Caitlin,1994-08-03 12:00:00,8,True,22.963153680261964,121.29474386623006,25.0,985.0,1,South China,South China,25.0,1,1994-08-01 00:00:00,18.9,129.5,Western Tropical WNP,2013.230612038603,993.1077487057471,2.5,1.0,0.4049729871613992,1-2,False,5.0,0.2426310520429399,5-6,False,30597.96168403783,39.94821138199233,765940.7173816708,5,15684.576738023736,61.957427091528494,253150.8726928447,14913.384946014088,29.08283988163593,512789.8446888262
1994,9414,Doug,1994-08-12 18:00:00,8,True,32.42071076922389,121.33195461536567,15.0,1000.0,0,East China,East/North China,50.0,2,1994-08-01 06:00:00,15.0,144.0,Eastern Tropical WNP,4687.863266116593,4530.587425920877,11.5,1.0,1.4945354527838106,1-2,True,5.0,0.2426310520429399,5-6,False,6482.649445338337,14.677328213708412,441677.75980397005,13,5405.740501689867,20.176344039862663,267924.6790701862,1076.9089436484687,6.197927191279313,173753.08073378386
1994,9415,Ellie,1994-08-16 06:00:00,8,True,39.47666648623818,122.5603919870477,20.0,995.0,1,North China,East/North China,40.0,2,1994-08-06 06:00:00,28.5,146.5,North WNP,5360.4014278018885,3981.2283897889515,10.0,8.0,0.5378169408663206,7-8,False,8.0,0.8334840424118246,7-8,False,31519.40408278541,35.457828867345626,888926.5104387921,12,25384.753964373485,40.59251045248377,625355.605785654,6134.65011841193,23.275141565739936,263570.904653138
1994,9417,Fred,1994-08-21 18:00:00,8,True,27.6576336633781,120.66404554451448,35.0,975.0,2,East China,East/North China,55.0,3,1994-08-13 18:00:00,17.4,148.0,Eastern Tropical WNP,5254.903216228893,3342.7052599918743,8.0,4.0,0.0959081927609345,3-4,False,1.0,1.1258310444492274,1-2,True,38927.165628353236,32.67959043319578,1191176.667526751,13,21191.67456030172,41.0188729057418,516632.29774739424,17735.491068051517,26.29254925640071,674544.3697793569
1994,9418,Gladys,1994-09-01 06:00:00,9,True,24.34116996914078,121.76892149469832,40.0,960.0,2,East China,East/North China,45.0,2,1994-08-21 18:00:00,22.6,157.3,North WNP,5598.637648295411,4217.965040940277,10.5,4.0,0.8774698284688063,3-4,False,4.0,0.0959081927609345,3-4,False,14168.703325313034,16.054649522233483,882529.5940401144,14,5915.895074711992,18.825742560529818,314244.9789531967,8252.80825060104,14.522315106733613,568284.6150869176
1994,9422,Joel,1994-09-06 06:00:00,9,True,18.29158103353019,109.41736824720584,20.0,985.0,1,South China,South China,25.0,1,1994-09-02 12:00:00,15.5,116.0,South China Sea,1769.7119618976428,1056.7093998039104,3.75,6.0,1.208469150633154,5-6,True,4.0,1.0288821685587168,3-4,True,12709.628990320025,33.15823277387239,383302.36345812737,7,12328.344824982605,38.98425187336808,316239.10252346436,381.2841653374205,5.685440284642435,67063.26093466305
1994,9424,Luke,1994-09-12 18:00:00,9,True,18.95082497380949,110.50824973809496,25.0,985.0,1,South China,South China,25.0,1,1994-09-06 12:00:00,13.7,132.5,Western Tropical WNP,3492.92368892108,2879.3515026012983,6.25,6.0,1.6346567619217005,5-6,True,6.0,1.208469150633154,5-6,True,5852.187122164115,23.6405046756763,247549.16201875446,9,5851.430543363296,23.680579171310672,247098.2867873595,0.756578800818692,1.6780225395791273,450.8752313949568
1995,9502,Deanna,1995-06-08 12:00:00,6,True,23.222770045094297,120.08685462744418,15.0,998.0,0,South China,South China,23.0,1,1995-06-01 00:00:00,10.2,129.5,Western Tropical WNP,3816.9099308626583,2476.001654393536,7.5,3.0,0.3558515206210196,3-4,False,3.0,0.3914036032726622,3-4,False,3340.147216525291,17.509295285582958,190764.229059267,9,2741.4278087895595,15.904400446994947,172369.13883839853,598.7194077357314,32.547783160993106,18395.090220868457
1995,9504,Gary,1995-07-31 06:00:00,7,True,23.41842074629077,116.85115129664318,30.0,980.0,1,South China,South China,30.0,1,1995-07-27 12:00:00,17.0,121.0,Western Tropical WNP,1944.0853570128727,957.4308504835219,3.75,2.0,1.793027065165728,1-2,True,2.0,1.0900863195581756,1-2,True,26037.444614078442,27.483679365445237,947378.4156722071,7,11968.632131292847,37.22534555177145,321518.36212366045,14068.812482785594,22.479166713097005,625860.0535485465
1995,9505,Helen,1995-08-12 06:00:00,8,True,22.76627951248994,114.64082677500224,23.0,990.0,1,South China,South China,30.0,1,1995-08-07 06:00:00,15.2,133.0,Western Tropical WNP,2972.8297125271188,2541.2272068946954,5.0,1.0,1.6416065007364389,1-2,True,2.0,0.9259024579811386,1-2,False,21899.404007065375,32.51947892829994,673424.1977047028,7,17374.731283458856,61.42933555870789,282840.94440275786,4524.6727236065135,11.584400215204983,390583.253301945
1995,9506,Irving,1995-08-19 18:00:00,8,True,20.645845624117054,110.39025729313823,20.0,993.0,1,South China,South China,20.0,1,1995-08-17 00:00:00,15.2,112.6,South China Sea,931.8751102325024,699.3449630061306,2.75,2.0,0.7314477272146698,1-2,False,1.0,0.9297774599738486,1-2,False,4935.038956169755,13.249876323450584,372459.2468410719,4,4339.366112059893,17.218025190434837,252024.61165352166,595.6728441098621,4.946026059548685,120434.63518755019
1995,9507,Janis,1995-08-25 00:00:00,8,True,28.29743387164247,121.44359257970054,20.0,995.0,1,East China,East/North China,30.0,1,1995-08-20 18:00:00,20.2,131.0,North WNP,4620.7794262791485,1465.5643231217973,4.25,4.0,0.7892641709008775,3-4,False,2.0,0.4801531104308664,1-2,False,7058.659151372722,19.33275180604413,365114.0418181919,9,6481.8488275288655,24.052286521066534,269489.9223760555,576.8103238438566,6.032058932504926,95624.11944213638
1995,9508,Lois,1995-08-28 06:00:00,8,True,18.5,110.08891875086924,30.0,980.0,1,South China,South China,30.0,1,1995-08-24 00:00:00,17.4,116.8,South China Sea,1428.9893436377247,793.5786635246861,4.25,4.0,1.382291267387199,3-4,True,4.0,0.7330940008945364,3-4,False,11568.272671736979,55.159557363006385,209723.81260433065,7,11568.272671736979,55.159557363006385,209723.81260433065,0.0,,0.0
1995,9509,Kent,1995-08-31 12:00:00,8,True,22.75627854391667,115.04054412556944,25.0,985.0,1,South China,South China,50.0,2,1995-08-24 18:00:00,11.0,132.5,Western Tropical WNP,2908.1923862622866,2358.777253759441,6.75,4.0,1.6746644623463574,3-4,True,4.0,0.7330940008945364,3-4,False,21478.812024937688,31.584971533001003,680032.65421645,9,16639.896614766698,46.09495639827785,360991.6987661665,4838.915410170988,15.167066570940733,319040.9554502836
1995,9511,Nina,1995-09-07 12:00:00,9,True,21.56112604833312,109.56216006531758,12.0,1000.0,0,South China,South China,20.0,1,1995-09-02 12:00:00,12.0,129.0,Western Tropical WNP,2871.288124690973,2470.6208425519612,5.0,6.0,1.4461156436580322,5-6,True,4.0,1.871695915787648,3-4,True,7849.9232923190575,17.877845103658327,439086.65987450216,6,7465.606975165882,24.219639552432373,308245.9984180943,384.3163171531752,2.9372850371993713,130840.66145640783
1995,9515,Sibyl,1995-10-03 06:00:00,10,True,21.44711457878301,111.3225164957099,30.0,980.0,1,South China,South China,33.0,2,1995-09-27 00:00:00,7.7,136.7,Western Tropical WNP,3600.14495607561,3278.7141980439246,6.25,5.0,0.5736752053637266,5-6,False,5.0,0.3620747204123926,5-6,False,39013.822661262915,61.36933466047445,635721.7798939275,8,18134.31339454166,66.02697912018621,274650.05420787935,20879.509266721245,57.82648648838258,361071.72568604816
1995,9516,Ted,1995-10-13 12:00:00,10,True,21.613697415799223,109.01369741579924,18.0,998.0,1,South China,South China,25.0,1,1995-10-08 12:00:00,15.0,118.0,South China Sea,2056.5716854394877,1636.323658678484,5.0,7.0,0.6269979088084805,7-8,False,6.0,0.9386943277297876,5-6,False,40525.531629560355,64.03418009808448,632873.4367721317,7,29831.31467179883,105.68154881529561,282275.52497301454,10694.216957761526,30.502797072816033,350597.9117991172
1995,9521,Angela,1995-11-06 00:00:00,11,False,18.19594148201605,109.71082271462386,15.0,1000.0,0,South China,South China,60.0,3,1995-10-26 00:00:00,10.0,145.0,Eastern Tropical WNP,4562.226444821888,4299.701815653178,11.0,5.0,1.0424395454014423,5-6,True,7.0,0.3236444896833395,7-8,False,4211.729375482155,31.918154187775404,131954.03940667846,13,4211.729375482155,31.918154187775404,131954.03940667846,0.0,,0.0
1996,9606,FRANKIE,1996-07-22 12:00:00,7,True,18.78325409972008,110.51674590027991,28.0,970.0,1,South China,South China,28.0,1,1996-07-20 06:00:00,16.0,115.5,South China Sea,1453.6428501589066,678.733957311686,2.25,6.0,1.62446231820816,5-6,True,6.0,1.7983073598248922,5-6,True,11070.667335509328,32.1872716569499,343945.50285280054,5,11009.750595379088,33.62578916413983,327419.84259868076,60.916740130239745,3.686191001963342,16525.66025411983
1996,9607,GLORIA,1996-07-27 00:00:00,7,True,24.608009286154577,118.41383543905242,18.0,990.0,1,East China,East/North China,40.0,2,1996-07-21 06:00:00,11.8,132.2,Western Tropical WNP,2981.950318421829,2116.1457220707566,5.75,6.0,1.4152321667865355,5-6,True,6.0,1.7989346108546036,5-6,True,29495.58006542996,28.402396417180455,1038489.134233344,8,12564.387288986489,31.927917821971437,393523.54134224856,16931.192776443473,26.251311640592217,644965.5928910954
1996,9608,HERB,1996-07-31 18:00:00,7,True,24.845794965417845,121.81307551873232,40.0,960.0,2,East China,East/North China,55.0,3,1996-07-23 00:00:00,15.5,154.0,Eastern Tropical WNP,5366.529400611241,3935.9219241580963,8.75,6.0,1.5328471102213073,5-6,True,6.0,1.6861506438879637,5-6,True,70654.87111841234,53.528988784701355,1319936.5936575583,12,22208.18676683105,85.43469162042155,259943.42983644133,48446.68435158129,45.70471395960539,1059993.163821117
1996,9610,LISA,1996-08-06 18:00:00,8,True,23.5711142804964,117.3711142804964,18.0,995.0,1,South China,South China,25.0,1,1996-08-04 18:00:00,17.0,114.5,South China Sea,1265.1006702227041,916.9411443302045,2.0,8.0,0.9838059017434644,7-8,False,7.0,1.2331553417985135,7-8,True,11583.7795445438,29.813263145405173,388544.50410367426,5,9836.675688412544,36.499672309919234,269500.3835894523,1747.1038561312575,14.676103688149254,119044.12051422198
1996,9612,NIKI,1996-08-22 00:00:00,8,True,18.394070624750984,109.75309791749672,30.0,975.0,1,South China,South China,35.0,2,1996-08-18 00:00:00,17.3,130.8,Western Tropical WNP,2938.872861942404,2268.2351459382835,4.0,3.0,0.5959320747509373,3-4,False,2.0,0.9201233366647052,1-2,False,6392.232959159752,32.73235226848817,195287.91902052303,6,6392.232959159752,32.73235226848817,195287.91902052303,0.0,,0.0
1996,9615,SALLY,1996-09-09 06:00:00,9,True,21.328947868472486,110.6973649206926,30.0,960.0,1,South China,South China,50.0,2,1996-09-05 00:00:00,13.0,135.0,Western Tropical WNP,3339.095999745306,2800.8499043760057,4.25,5.0,1.3122445977819726,5-6,True,5.0,0.4021919014035373,5-6,False,6871.695612965934,15.41052582949303,445909.22392892785,5,6381.292091443001,20.91387621398432,305122.3994132695,490.40352152293264,3.483305509660029,140786.82451565843
1996,9618,WILLIE,1996-09-20 00:00:00,9,True,20.49439629864389,110.51400925339028,28.0,980.0,1,South China,South China,33.0,2,1996-09-16 12:00:00,19.0,109.3,South China Sea,1323.5334609144015,758.3431401210065,3.5,5.0,1.5604317421821416,5-6,True,5.0,1.2524009703055918,5-6,True,21018.219379059403,77.3701595124617,271657.95587734424,7,20760.664182880577,89.47188737626675,232035.61243291193,257.55519617882743,6.500251468973092,39622.34344443231
1997,9710,VICTOR,1997-08-02 12:00:00,8,True,22.148500442504883,114.0747500737508,30.0,970.0,1,South China,South China,30.0,1,1997-07-31 00:00:00,16.7,114.7,South China Sea,1949.6575021405167,705.1410986093199,2.5,6.0,0.7692719071259856,5-6,False,6.0,1.4287714041463369,5-6,True,44663.835499168876,30.747124977903965,1452618.2702046447,5,27305.97556945856,55.540120974729206,491644.1500349414,17357.859929710314,18.06277564128887,960974.1201697032
1997,9711,WINNIE,1997-08-18 18:00:00,8,True,28.259636031956347,121.42234758988168,35.0,970.0,2,East China,East/North China,60.0,3,1997-08-08 00:00:00,11.2,158.9,Eastern Tropical WNP,5321.728110691214,4431.624585390849,10.75,6.0,1.2566332886057263,5-6,True,6.0,1.177210230065884,5-6,True,48769.910522008875,61.265132147417766,796046.7693868259,13,37393.18517982202,93.82280105942336,398551.14916190546,11376.725342186863,28.621008039659436,397495.62022492045
1997,9713,ZITA,1997-08-22 06:00:00,8,True,20.648158562216462,110.39008527187296,30.0,975.0,1,South China,South China,30.0,1,1997-08-20 00:00:00,17.5,117.0,South China Sea,1418.755461865256,905.1295608993188,2.25,6.0,0.7899976651618316,5-6,False,6.0,1.2494326096441848,5-6,True,20862.28105671819,41.151303185525826,506965.2584916459,4,19480.97542459911,53.3496336436232,365156.6860745939,1381.3056321190843,9.740635622906723,141808.572417052
1997,9714,AMBER,1997-08-29 00:00:00,8,True,23.57928001909553,121.52071998090447,35.0,970.0,2,South China,South China,50.0,2,1997-08-21 00:00:00,13.3,131.2,Western Tropical WNP,2596.1033513839366,1705.5943034368568,8.0,7.0,0.6326001941331801,7-8,False,6.0,0.7443754213515187,5-6,False,13275.335046784523,25.994069431930583,510706.30097176606,10,10102.996795026473,48.92119850214408,206515.72537789907,3172.3382517580485,10.428785459788612,304190.57559386693
1998,9801,NICHOLE,1998-07-09 18:00:00,7,True,22.981229646017592,120.14983716814076,18.0,998.0,1,South China,South China,18.0,1,1998-07-08 00:00:00,20.1,118.3,North WNP,779.1237257712087,456.71731688115557,1.75,3.0,1.0646562928825976,3-4,True,3.0,1.033384191857733,3-4,True,2917.2387544627964,13.071052803132451,223183.15122739665,4,2643.770913699344,16.04053476883771,164818.12806113265,273.4678407634525,4.685474723181837,58365.023166264036
1998,9802,OTTO,1998-08-04 06:00:00,8,True,22.98434975259876,121.31173768555094,30.0,980.0,1,South China,South China,30.0,1,1998-08-01 12:00:00,14.8,127.4,Western Tropical WNP,1696.4921661175968,1216.8996145161275,2.75,7.0,0.4777432935020692,7-8,False,5.0,0.65149328623115,5-6,False,8140.272533720118,26.645522709347723,305502.45242005953,5,6815.762204395515,37.38665976120465,182304.657541728,1324.5103293246034,10.75108796088982,123197.79487833154
1998,9803,PENNY,1998-08-11 00:00:00,8,True,21.528798796202388,111.4070007523735,25.0,990.0,1,South China,South China,25.0,1,1998-08-06 12:00:00,12.5,127.5,Western Tropical WNP,2512.599691094571,2042.856194972014,4.5,2.0,0.5446745435709652,1-2,False,8.0,0.2480840672333648,7-8,False,9434.563972193955,24.02716588101525,392662.3730370361,6,8986.75693747094,31.569516368944242,284665.65127083944,447.80703472301803,4.14648729516513,107996.72176619669
1998,9806,TODD,1998-09-19 18:00:00,9,True,29.89632369519152,122.13345662836184,20.0,995.0,1,East China,East/North China,40.0,2,1998-09-15 12:00:00,20.5,128.5,North WNP,2613.3837838505024,2489.8228241381935,4.25,3.0,1.435641086011382,3-4,True,3.0,0.8254345526903419,3-4,False,5285.848410270513,23.241989344364296,227426.67729310459,6,4955.646367800602,28.65681527899714,172930.81312607139,330.20204246991193,6.059212887382099,54495.8641670332
1999,9902,LEO,1999-05-02 18:00:00,5,False,22.60584530225911,114.85438397669434,12.0,1002.0,0,South China,South China,35.0,2,1999-04-27 00:00:00,13.7,113.1,South China Sea,1484.8875008232185,1458.6348010754741,5.75,8.0,1.7902450980481046,7-8,True,7.0,1.798185463867314,7-8,True,5971.376319518749,16.479109215065638,362360.3825660406,6,4404.558515045941,20.225252159474646,217775.2089475235,1566.817804472809,10.836642272926293,144585.17361851703
1999,9903,MAGGIE,1999-06-07 18:00:00,6,True,21.92852818123116,112.8571320453078,20.0,985.0,1,South China,South China,40.0,2,1999-06-01 06:00:00,12.0,130.0,Western Tropical WNP,3038.7083034116085,2538.1746345658967,6.5,7.0,1.146330993735,7-8,True,7.0,1.525067083424282,7-8,True,23669.358966823864,33.845105209282515,699343.6368557127,8,16444.815694510897,44.84845031637567,366675.2268696862,7224.543272312965,21.716950138477007,332668.4099860266
1999,9905,(nameless),1999-07-27 12:00:00,7,True,23.605947531897023,117.07567680849787,15.0,990.0,0,South China,South China,23.0,1,1999-07-23 12:00:00,17.1,115.5,South China Sea,1157.9311412129732,925.9359738254134,4.0,6.0,0.4750345469120454,5-6,False,4.0,1.1296148362498928,3-4,True,12126.680219058027,22.41888528288256,540913.6121641643,5,9944.244073162501,30.472558504876478,326334.39924550935,2182.436145895525,10.170771512349926,214579.21291865493
1999,9906,OLGA,1999-08-04 00:00:00,8,True,41.330213590212445,126.42434045300708,15.0,998.0,0,North China,East/North China,35.0,2,1999-07-29 00:00:00,12.3,134.5,Western Tropical WNP,4104.65950717113,3503.121776183967,6.0,1.0,0.7360216786601672,1-2,False,6.0,0.692479387468331,5-6,False,10102.662534120962,14.451237370720955,699086.3325371392,7,5978.184156736261,14.684272866485095,407114.75543202914,4124.478377384701,14.126300985454781,291971.57710511
1999,9907,PAUL,1999-08-09 00:00:00,8,True,35.49663552298569,119.60605605862574,10.0,999.0,0,North China,East/North China,28.0,1,1999-08-03 00:00:00,19.0,140.0,Eastern Tropical WNP,3051.694947864613,3051.0312378130193,6.0,1.0,0.3737726507688634,1-2,False,8.0,0.8776961058776666,7-8,False,4420.712478971827,11.88398637981804,371989.0226800744,7,2934.7854813464182,12.097527562658613,242593.8247419422,1485.926997625409,11.483633251489566,129395.1979381322
1999,9908,SAM,1999-08-22 12:00:00,8,True,22.258558044433588,114.50240325927734,25.0,985.0,1,South China,South China,33.0,2,1999-08-18 00:00:00,13.6,129.7,Western Tropical WNP,4644.446648843337,1934.686765992265,4.5,2.0,1.6734074790718103,1-2,True,1.0,1.6422111066417968,1-2,True,41510.74306532901,34.372351428617556,1207678.3036370391,9,28266.189668512914,59.71322774318561,473365.62997532176,13244.553396816093,18.03666731063065,734312.6736617174
1999,9909,WENDY,1999-09-04 00:00:00,9,True,22.93744768563121,116.49004185149504,15.0,998.0,0,South China,South China,20.0,1,1999-09-01 06:00:00,13.5,127.0,Western Tropical WNP,2989.82504360962,1551.5039432631422,2.75,7.0,0.4079118420631856,7-8,False,6.0,0.3743251386545906,5-6,False,21018.006886775816,24.514220432911728,857380.1865042363,6,10266.70919237534,26.03533453025187,394337.51774711756,10751.297694400479,23.21880556549722,463042.66875711887
1999,9910,YORK,1999-09-16 12:00:00,9,True,22.278643504317746,113.5820347435234,25.0,980.0,1,South China,South China,30.0,1,1999-09-12 06:00:00,16.5,121.8,Western Tropical WNP,1579.8879315386848,1249.7236674895498,4.25,1.0,0.6141920948261617,1-2,False,1.0,0.729948266148585,1-2,False,27184.725361184337,44.535206594372056,610409.773301011,6,16977.73849478242,80.23850392149426,211590.9153963479,10206.986866401912,25.59303970736979,398818.8579046631
1999,9914,DAN,1999-10-09 06:00:00,10,True,24.256930514876927,118.07384491418718,30.0,980.0,1,East China,East/North China,40.0,2,1999-10-02 18:00:00,17.0,131.5,Western Tropical WNP,2312.4993369698022,2103.455342915871,6.5,3.0,1.4152856137624823,3-4,True,2.0,2.073550013804077,1-2,True,5407.015961292173,25.748538629177435,209993.11996546137,8,5360.21751837321,29.355548336925207,182596.4024535287,46.79844291896321,1.708177006919902,27396.71751193267
2000,4,Kai-tak,2000-07-09 06:00:00,7,True,23.383184947882945,121.46831849478828,30.0,980.0,1,South China,South China,35.0,2,2000-07-02 12:00:00,15.3,117.2,South China Sea,3558.240786681271,1513.4141299746548,6.75,5.0,2.529536906504254,5-6,True,6.0,0.411980191283546,5-6,False,13120.415874261469,23.87574375901187,549529.0955830092,10,12763.302069518168,28.083734547929083,454473.10605132265,357.11380474330286,3.75687851447026,95055.98953168647
2000,8,Jelawat,2000-08-10 18:00:00,8,True,29.52139938210087,121.7679009268487,25.0,990.0,1,East China,East/North China,45.0,2,2000-08-01 06:00:00,22.1,152.0,North WNP,3696.955226900375,3277.2327736176667,9.5,2.0,1.3645793203992775,1-2,True,1.0,2.366316176053524,1-2,True,5088.9685757217185,10.614819868362071,479421.09605548833,11,2908.0193160711483,14.005921873698615,207627.8407301449,2180.949259650569,8.024294999667731,271793.2553253435
2000,10,Bilis,2000-08-22 18:00:00,8,True,22.88339697140761,121.23320605718476,50.0,940.0,2,South China,South China,55.0,3,2000-08-18 12:00:00,11.5,137.0,Western Tropical WNP,4153.946338717075,2248.332474293806,4.25,5.0,2.6604203100174035,5-6,True,4.0,1.3555083477805945,3-4,True,42463.40216484845,46.23665035421718,918392.7001531896,9,28129.10119907126,66.96658445369793,420046.8252717936,14334.300965777193,28.763759646226998,498345.8748813962
2000,13,Maria,2000-09-01 00:00:00,9,True,22.704977063169743,115.00938933551892,25.0,985.0,1,South China,South China,28.0,1,2000-08-29 00:00:00,18.8,115.5,South China Sea,1318.365561008107,701.364265145365,3.0,7.0,1.83315293991775,7-8,True,6.0,2.193521384805983,5-6,True,23890.22206738896,30.913227771996645,772815.5158559789,5,11123.27606486959,51.01532781483004,218037.9219603109,12766.946002519375,23.01272824100452,554777.5938956679
2000,16,Wukong,2000-09-09 06:00:00,9,True,18.202981466013235,109.7089443980397,33.0,975.0,2,South China,South China,40.0,2,2000-09-05 18:00:00,17.0,117.6,South China Sea,1609.9101041235867,1037.8174715443276,3.5,8.0,1.8839137502095569,7-8,True,8.0,1.9712150250229343,7-8,True,4668.906820328397,33.08486382541446,141119.1185481601,6,4668.906820328397,33.08486382541446,141119.1185481601,0.0,,0.0
2001,102,Chebi,2001-06-23 18:00:00,6,True,25.37833431013751,119.50205899590662,30.0,980.0,1,East China,East/North China,40.0,2,2001-06-19 18:00:00,11.9,136.4,Western Tropical WNP,4742.798603266486,2609.9587511090567,4.0,4.0,0.5697706404193962,3-4,False,8.0,0.2424564553128868,7-8,False,9530.41861370495,25.232125796110125,377709.6979745636,7,8693.233415997001,33.87086899419947,256658.11578338174,837.185197707947,6.915937673460108,121051.58219118183
2001,103,Durian,2001-07-02 12:00:00,7,True,21.614413295169165,108.77117340966169,23.0,990.0,1,South China,South China,35.0,2,2001-06-29 06:00:00,16.0,117.0,South China Sea,1606.9660661779199,1135.8845804670634,3.25,6.0,2.0440093505226686,5-6,True,6.0,1.6049833890374132,5-6,True,40352.155111808235,57.10881287276964,706583.679154864,5,33240.79070478497,81.90305275809237,405855.33243754023,7111.364407023257,23.647136974778576,300728.34671732376
2001,104,Utor,2001-07-06 00:00:00,7,True,22.70402958096475,115.00556746093878,30.0,970.0,1,South China,South China,35.0,2,2001-07-01 06:00:00,7.2,138.5,Western Tropical WNP,4042.868375834757,3153.46809463522,4.75,7.0,1.7678838658293423,7-8,True,6.0,1.580543011131707,5-6,True,46629.62200824483,48.52505966151298,960938.9938623508,7,27535.055912305706,63.19418101864073,435721.38238777936,19094.566095939117,36.35553279017109,525217.6114745714
2001,105,Trami,2001-07-11 12:00:00,7,True,22.39306202035417,120.91040696946877,18.0,996.0,1,South China,South China,20.0,1,2001-07-08 00:00:00,12.8,128.8,Western Tropical WNP,1694.407462167058,1376.938813458297,3.5,7.0,1.1096729046190086,7-8,True,7.0,1.4615763211968795,7-8,True,3861.0507996116594,18.271499672710746,211315.48415690812,5,3368.1737994259224,22.666214596157534,148598.86661431805,492.8770001857366,7.858794359422045,62716.61754259009
2001,107,Yutu,2001-07-25 18:00:00,7,True,21.480468810289093,111.353710771705,33.0,975.0,2,South China,South China,33.0,2,2001-07-22 18:00:00,19.0,125.7,Western Tropical WNP,1841.64923984976,1535.3195032285405,3.0,2.0,1.5054188234813195,1-2,True,1.0,1.4998193580152488,1-2,True,10473.329805093714,22.865184183898997,458047.0343409142,5,9862.614164324745,29.1725111371938,338079.0264486454,610.7156407689678,5.090654179382477,119968.00789226874
2001,108,Toraji,2001-07-29 18:00:00,7,True,23.553292966289074,121.50538984719527,35.0,970.0,2,South China,South China,40.0,2,2001-07-25 06:00:00,13.6,133.4,Western Tropical WNP,3733.38058146573,1817.2250949813256,4.5,2.0,1.0950330086010032,1-2,True,2.0,1.5054188234813195,1-2,True,33340.77410910973,29.22272440841426,1140919.4311639792,9,26892.721932863413,41.39854398885528,649605.5015872801,6448.052176246314,13.124098031988952,491313.92957669904
2001,114,Fitow,2001-08-31 06:00:00,8,True,21.62273279095299,108.777267209047,18.0,990.0,1,South China,South China,20.0,1,2001-08-27 06:00:00,20.0,115.0,North WNP,2969.5179518366026,886.3378710731282,4.0,7.0,1.016850045136171,7-8,True,7.0,1.287975197255907,7-8,True,66110.42197648229,148.55048708858183,445036.72301700455,17,62201.05284228855,199.31779543839068,312069.74121643323,3909.3691341937515,29.40105190969265,132966.9818005712
2001,116,Nari,2001-09-16 18:00:00,9,True,24.77686732782109,121.8122407933853,30.0,980.0,1,East China,East/North China,40.0,2,2001-09-05 12:00:00,24.5,123.0,North WNP,3160.0955860590284,2034.095901530708,11.25,1.0,1.722274430486451,1-2,True,8.0,1.058652245968739,7-8,True,13826.832881074903,21.637007906620916,639036.2725173243,17,11454.54871483243,32.75994907312511,349650.99271870556,2372.284166242471,8.19766702678632,289385.27979861887
2001,119,Lekima,2001-09-26 12:00:00,9,True,22.540692904444903,120.96372283822204,33.0,970.0,2,South China,South China,35.0,2,2001-09-21 00:00:00,21.0,125.8,North WNP,2156.241818172647,934.7449435606072,5.5,2.0,1.3886581771171875,1-2,True,2.0,1.182499142844776,1-2,True,7073.257161860149,32.34713879795264,218667.16577442206,10,7017.893196240765,35.200610123135114,199368.51013921355,55.363965619383926,2.8687990845526987,19298.655635208503
2002,208,Nakri,2002-07-10 00:00:00,7,True,24.43062371558409,120.60899794493456,20.0,988.0,1,East China,East/North China,20.0,1,2002-07-07 18:00:00,21.3,116.4,North WNP,1952.2010901307542,591.6545062719454,2.25,7.0,2.6507501883809907,7-8,True,6.0,3.305648076711556,5-6,True,11095.85891748183,33.789670391857186,328380.2058085707,7,9302.234888258377,35.3559230561166,263102.5888786429,1793.6240292234506,27.476861343587554,65277.61692992784
2002,209,Fengshen,2002-07-27 18:00:00,7,True,35.94086094304441,120.21684320883716,15.0,1000.0,0,North China,East/North China,55.0,3,2002-07-14 06:00:00,11.5,170.7,Eastern Tropical WNP,6490.615518822927,6124.890258933179,13.5,8.0,0.4470993662179998,7-8,False,7.0,2.435882839941429,7-8,True,8009.684566471284,13.820731216347184,579541.3021995114,15,3932.3014953095035,15.099062698345648,260433.48344664814,4077.3830711617816,12.777446466517196,319107.8187528632
2002,212,Kammuri,2002-08-05 00:00:00,8,True,22.880725141867213,115.67614502837344,25.0,985.0,1,South China,South China,28.0,1,2002-08-01 18:00:00,19.0,120.0,Western Tropical WNP,1502.6508848642247,960.2771943943344,3.25,3.0,0.8536903301050673,3-4,False,2.0,0.4905650010399532,1-2,False,36331.492965397105,43.844205590842,828649.8175938188,6,25866.848598933055,78.81943609660422,328178.5544269769,10464.64436646406,20.90958090230141,500471.2631668418
2002,214,Vongfong,2002-08-19 12:00:00,8,True,21.222504417634784,110.6298059932174,30.0,980.0,1,South China,South China,30.0,1,2002-08-15 06:00:00,13.5,113.6,South China Sea,1626.6523903378759,1144.9657975176315,4.25,6.0,1.5869876167147934,5-6,True,6.0,2.430304661873352,5-6,True,42436.279336936605,54.50857533286542,778524.8298601204,6,17236.715813141687,56.38370628323246,305703.8451242711,25199.56352379491,53.29620371623975,472820.9847358493
2002,216,Sinlaku,2002-09-07 12:00:00,9,True,27.2,120.51858205677624,35.0,970.0,2,East China,East/North China,45.0,2,2002-08-28 06:00:00,16.0,155.0,Eastern Tropical WNP,4689.849299694493,4162.359087886348,10.25,8.0,0.2990728443677687,7-8,False,7.0,2.086502754137605,7-8,True,12293.941601232946,19.829890540246335,619970.2200212057,12,7397.815035148512,41.125204994367415,179885.18321456952,4896.126566084434,11.125410219833684,440085.0368066362
2002,218,Hagupit,2002-09-12 00:00:00,9,True,21.63057645449692,112.01654127301848,20.0,990.0,1,South China,South China,25.0,1,2002-09-09 18:00:00,19.4,118.7,South China Sea,1610.5860343304073,749.0520679110064,2.25,6.0,0.3774214710393036,5-6,False,8.0,0.1953053768801666,7-8,False,38977.240376965805,66.5653447434234,585548.5392166729,7,35188.05699800181,99.0169773282348,355373.9767409351,3789.1833789639827,16.462216059880184,230174.56247573765
2002,220,Mekkhala,2002-09-25 18:00:00,9,True,18.37287432204105,109.07570855931964,20.0,992.0,1,South China,South China,23.0,1,2002-09-23 00:00:00,14.5,113.7,South China Sea,1277.0181277564268,699.071470854655,2.75,1.0,1.3810699054529405,1-2,True,1.0,1.19161227692088,1-2,True,21215.27409458152,47.23046366456723,449186.2338098838,6,19357.1836263335,66.31052526611157,291917.2114630514,1858.0904682480175,11.814726387440034,157269.02234683244
2003,308,Koni,2003-07-21 12:00:00,7,True,18.80431228488076,110.5262824331558,20.0,985.0,1,South China,South China,30.0,1,2003-07-15 06:00:00,10.2,132.8,Western Tropical WNP,3535.531944380562,2724.5900617258976,6.25,4.0,1.3950477034922204,3-4,True,3.0,0.4470212576920898,3-4,False,6411.91200727913,19.080047817774982,336053.24622435117,8,6388.095888404623,19.25615317954629,331743.09680866066,23.81611887450782,5.5255900846055095,4310.149415690529
2003,307,Imbudo,2003-07-24 06:00:00,7,True,21.436234196425797,111.29477844643355,30.0,975.0,1,South China,South China,50.0,2,2003-07-15 18:00:00,6.1,146.8,Eastern Tropical WNP,5061.011580375144,4350.219970783392,8.5,5.0,1.4304754432751146,5-6,True,3.0,0.4470212576920898,3-4,False,35384.14366473665,46.74803980779698,756911.815131017,11,28179.795876862092,69.16736074814577,407414.64719857095,7204.347787874559,20.613465426612784,349497.1679324461
2003,309,Morakot,2003-08-03 18:00:00,8,True,22.29197693519634,120.88001441550227,25.0,988.0,1,South China,South China,25.0,1,2003-07-31 18:00:00,15.4,127.5,Western Tropical WNP,1700.1742839170709,1158.3115628867351,3.0,6.0,1.2356756055293328,5-6,True,7.0,0.7705329030861418,7-8,False,10315.206561961128,21.870636516179392,471646.3809514723,6,8320.551707323018,34.69565855000727,239815.3560143701,1994.6548546381093,8.603916819068012,231831.02493710222
2003,312,Krovanh,2003-08-25 00:00:00,8,True,19.99759298963408,110.93774618567085,35.0,965.0,2,South China,South China,40.0,2,2003-08-15 06:00:00,9.3,150.6,Eastern Tropical WNP,5616.922135116374,4707.226647271016,9.75,5.0,1.1067476391719475,5-6,True,1.0,0.7180208711317271,1-2,False,21988.89677069406,33.66454048338694,653176.7983449923,12,20323.642861852422,47.40063638610411,428763.0802317766,1665.2539088416393,7.420463966474302,224413.71811321581
2003,311,Vamco,2003-08-20 06:00:00,8,True,27.63504380750127,120.66702127270652,18.0,996.0,1,East China,East/North China,23.0,1,2003-08-18 18:00:00,18.6,125.4,Western Tropical WNP,1471.8756045497366,1153.7119545595442,1.5,4.0,0.7575983663666471,3-4,False,6.0,0.0777141460622242,5-6,False,5981.03387210654,11.74053582389809,509434.48934690264,3,4151.615891554911,16.227507614931124,255838.1724458388,1829.4179805516296,7.2138980680281115,253596.31690106392
2003,313,Dujuan,2003-09-02 12:00:00,9,True,22.580641624822967,114.90969745933654,35.0,965.0,2,South China,South China,45.0,2,2003-08-28 00:00:00,17.8,138.1,Western Tropical WNP,3194.7699534598883,2706.1950308370456,5.5,8.0,0.3906494720197554,7-8,False,7.0,0.1718366743789697,7-8,False,14774.172916739002,21.17687615370504,697655.9153250825,7,10938.336968102278,28.59036362091905,382588.2424279101,3835.8359486367235,12.174641445644642,315067.67289717234
2003,320,Nepartak,2003-11-18 06:00:00,11,False,18.49084954574462,108.73485840904256,33.0,975.0,2,South China,South China,33.0,2,2003-11-11 18:00:00,10.8,139.5,Western Tropical WNP,3993.494644557947,3634.9772948012146,6.5,1.0,0.2595765083729551,1-2,False,3.0,0.7288355378077932,3-4,False,6160.118510715807,23.294075247609932,264450.0133718706,9,5812.465369301829,35.264655792131215,164824.10614082316,347.65314141397704,3.4895857019170435,99625.90723104746
2004,407,Mindulle,2004-07-01 18:00:00,7,True,23.760461580325284,121.5684395484785,28.0,985.0,1,South China,South China,45.0,2,2004-06-21 18:00:00,14.6,146.0,Eastern Tropical WNP,5402.301780058696,3372.4955857598143,10.0,7.0,1.9645245372165272,7-8,True,6.0,1.1948535786196015,5-6,True,8811.84489771971,17.227341237703644,511503.4743976722,15,7964.451487616617,19.83904103900401,401453.4508980713,847.3934101030919,7.7000747765052955,110050.02349960091
2004,409,Kompasu,2004-07-16 12:00:00,7,True,22.148500192660546,114.47379408364814,15.0,1002.0,0,South China,South China,23.0,1,2004-07-11 06:00:00,19.1,136.3,Western Tropical WNP,2596.7536211907986,2421.9710941845756,5.25,1.0,1.5732712998419047,1-2,True,1.0,1.8711533832073504,1-2,True,1189.9116361154975,4.943599756352564,240697.40568832497,6,1085.788305828756,5.714654204923169,190000.701161122,104.12333028674149,2.0538481003409346,50696.70452720297
2004,411,(nameless),2004-07-27 06:00:00,7,True,22.93858722256737,116.24211916614894,12.0,1000.0,0,South China,South China,23.0,1,2004-07-26 06:00:00,19.2,118.2,South China Sea,567.5914630246023,499.11865118579027,1.0,2.0,0.7096392053205487,1-2,False,2.0,0.3495173723429204,1-2,False,2594.376029704653,8.82814252111655,293875.6395809212,2,2163.293912375055,12.264339257712772,176388.94904302384,431.0821173295979,3.6691995949153475,117486.6905378974
2004,414,Rananim,2004-08-12 12:00:00,8,True,28.230785020932256,121.39997719198674,45.0,950.0,2,East China,East/North China,45.0,2,2004-08-06 00:00:00,15.3,136.8,Western Tropical WNP,3470.1474850450236,2497.879256529952,6.5,6.0,1.4727865392146071,5-6,True,6.0,1.6699020197719756,5-6,True,41256.26717328592,38.485057476812585,1072007.419974441,9,13313.203338835097,50.34186660232852,264455.8940176308,27943.063834450822,34.60220547703514,807551.5259568102
2004,418,Aere,2004-08-25 18:00:00,8,True,24.71789657446155,118.7357931489231,30.0,980.0,1,East China,East/North China,40.0,2,2004-08-18 00:00:00,9.7,142.0,Eastern Tropical WNP,3863.2818147412963,3191.9788648740705,7.75,8.0,1.3428582148545751,7-8,True,7.0,1.475298964663878,7-8,True,18903.22598320184,29.078671062449285,650071.8668540703,10,16529.839691079003,42.45276508763079,389370.1542634076,2373.3862921228356,9.103838515435362,260701.7125906628
2004,421,Haima,2004-09-13 06:00:00,9,True,27.86514646976643,120.84273635442042,18.0,998.0,1,East China,East/North China,18.0,1,2004-09-10 18:00:00,23.0,119.6,North WNP,3467.3707043468016,843.6722117466502,2.5,2.0,1.5677328456408142,1-2,True,2.0,1.1708456544880363,1-2,True,38269.87478256667,21.932557376996773,1744888.8483339725,7,25253.496092035723,25.163641329524854,1003570.8171696695,13016.378690530952,17.558427211176316,741318.0311643032
2004,428,Nanmadol,2004-12-04 00:00:00,12,False,22.4308643524432,120.48477392073866,25.0,990.0,1,South China,South China,45.0,2,2004-11-28 00:00:00,5.7,153.7,Eastern Tropical WNP,4906.173418199665,4672.838695940383,6.0,5.0,0.5073668549603902,5-6,False,3.0,1.0585109097021794,3-4,True,1356.5417897120856,16.691758354889263,81270.15505917234,7,1356.5417897120856,16.691758354889263,81270.15505917234,0.0,,0.0
2005,505,Haitang,2005-07-18 12:00:00,7,True,24.289310998005828,121.7437057534898,35.0,970.0,2,East China,East/North China,60.0,3,2005-07-10 18:00:00,22.1,154.1,North WNP,4607.472409530278,3701.6422276716435,7.75,3.0,0.6118725458971525,3-4,False,2.0,0.4830640042965487,1-2,False,32879.03232404112,39.11120624478011,840655.0316619102,12,19057.28817361353,73.18077666041343,260413.85515825532,13821.744150427587,23.82068820712265,580241.176503655
2005,508,Washi,2005-07-30 00:00:00,7,True,19.11015008679043,110.56954973962873,23.0,985.0,1,South China,South China,25.0,1,2005-07-28 18:00:00,18.0,113.0,South China Sea,1067.1289628998286,287.5029238257452,1.25,5.0,1.3001159982426778,5-6,True,5.0,1.1899943222998932,5-6,True,10687.619479161363,27.311680450919837,391320.46445722866,4,10570.912848668222,29.181559175287383,362246.33458311844,116.70663049313943,4.014105701476678,29074.129874110266
2005,509,Matsa,2005-08-06 00:00:00,8,True,28.21943944054993,121.11667267134008,35.0,970.0,2,East China,East/North China,45.0,2,2005-07-30 12:00:00,9.0,137.9,Western Tropical WNP,4401.905233698475,2848.462652059901,6.5,6.0,1.6739612373221084,5-6,True,5.0,1.3001159982426778,5-6,True,42235.002111819726,35.162612964305545,1201133.776795642,11,34107.65825850907,53.23602796354492,640687.5111318482,8127.343853310661,14.50155768936138,560446.2656637939
2005,510,Sanvu,2005-08-13 06:00:00,8,True,23.397091827374048,116.8197680941596,25.0,990.0,1,South China,South China,30.0,1,2005-08-09 18:00:00,14.0,130.6,Western Tropical WNP,2678.319543404071,1827.760520448064,3.5,1.0,0.9270631030021076,1-2,False,7.0,0.9350670368079286,7-8,False,43499.78304764178,39.27532841638303,1107560.007811331,7,16641.348870036574,72.82390038070263,228514.9351111426,26858.434177605206,30.55410355137236,879045.0727001885
2005,513,Talim,2005-09-01 12:00:00,9,True,25.189418774559385,119.21385992140998,25.0,985.0,1,East China,East/North China,55.0,3,2005-08-25 18:00:00,12.5,144.6,Eastern Tropical WNP,3835.7403303877063,3194.023122162089,6.75,4.0,0.6195093518383862,3-4,False,2.0,0.1299705210806701,1-2,False,51609.62144071565,58.699264124018704,879220.9273982688,10,17399.964826385833,74.94368279361146,232173.86946814263,34209.65661432982,52.8704306666117,647047.0579301262
2005,515,Khanun,2005-09-11 12:00:00,9,True,28.613632411237912,121.51487962614736,33.0,975.0,2,East China,East/North China,50.0,2,2005-09-05 00:00:00,8.2,142.3,Eastern Tropical WNP,4563.272800284224,3231.974856718919,6.5,5.0,2.111050584030427,5-6,True,4.0,2.016815709291289,3-4,True,15753.615639167292,32.58056929629188,483527.94255686237,9,14483.873534364177,47.13029265365947,307315.5866185687,1269.7421048031165,7.205749551681588,176212.35593829374
2005,518,Damrey,2005-09-26 00:00:00,9,True,19.06622765764815,110.5649106305926,35.0,970.0,2,South China,South China,50.0,2,2005-09-19 06:00:00,13.2,127.0,Western Tropical WNP,2842.3903050091753,2126.368127401446,6.75,8.0,1.00546235579259,7-8,True,7.0,1.1636045009508558,7-8,True,14794.823240737673,42.62257889712204,347112.34335322323,9,14778.764489352743,43.29838145310606,341323.71680818504,16.058751384930307,2.774190260847853,5788.626545038192
2005,519,Longwang,2005-10-02 00:00:00,10,True,23.65266433493192,121.53312587876452,40.0,960.0,2,South China,South China,55.0,3,2005-09-25 06:00:00,18.9,145.3,Eastern Tropical WNP,3253.138863769069,2584.172149397224,6.75,8.0,0.7344023002830381,7-8,False,8.0,1.1069846138688444,7-8,True,14805.019472394353,30.315432298157024,488365.7711618515,9,10741.526484897375,55.83250080963366,192388.41766235145,4063.4929874969794,13.729067239273911,295977.3534995
2006,601,Chanchu,2006-05-18 00:00:00,5,False,23.567420326097302,117.12176023716168,23.0,990.0,1,South China,South China,50.0,2,2006-05-08 06:00:00,8.7,135.3,Western Tropical WNP,5057.170315754642,3447.406398653091,9.75,1.0,2.087984248111156,1-2,True,8.0,1.484012322230296,7-8,True,31503.907642104492,53.05248140985863,593825.336815446,12,24334.005275204094,65.30074689111262,372645.129400747,7169.902366900397,32.416564080063836,221180.2074146989
2006,604,Bilis,2006-07-13 18:00:00,7,True,24.781304216584665,121.8124225477362,30.0,975.0,1,East China,East/North China,30.0,1,2006-07-08 06:00:00,11.6,140.5,Eastern Tropical WNP,4506.842375181494,2488.2212525179916,5.5,7.0,1.5477381996112105,7-8,True,7.0,1.467345415433533,7-8,True,105882.99533249908,68.14314717338291,1553831.8924879003,10,55338.816999874914,89.95527715866723,615181.4406870848,50544.17833262416,53.84771107887325,938650.4518008155
2006,605,Kaemi,2006-07-24 18:00:00,7,True,22.869882479199354,121.2164115911009,33.0,975.0,2,South China,South China,40.0,2,2006-07-17 18:00:00,8.9,147.8,Eastern Tropical WNP,4917.784427260544,3317.6128111232947,7.0,7.0,1.0689797424415433,7-8,True,7.0,1.2112444008683847,7-8,True,55071.76373298909,55.83693309103168,986296.3577029719,13,35338.08039078742,74.89607075757385,471828.2285484765,19733.683342201657,38.35744572678011,514468.12915449543
2006,606,Prapiroon,2006-08-03 12:00:00,8,True,21.470680902175648,111.34397864673652,33.0,975.0,2,South China,South China,33.0,2,2006-07-28 06:00:00,13.4,129.5,Western Tropical WNP,2813.98921091959,2226.2109481253474,6.25,3.0,0.7677384078183449,3-4,False,8.0,0.5207222592111835,7-8,False,51809.69667926158,68.39424169988544,757515.4777883642,9,36517.67220779421,101.28450037515215,360545.51360311586,15292.024471467375,38.52186777620099,396969.96418524825
2006,608,Saomai,2006-08-10 12:00:00,8,True,27.135849088905424,120.38490546656746,45.0,950.0,2,East China,East/North China,60.0,3,2006-08-05 00:00:00,10.0,148.5,Eastern Tropical WNP,4194.352632987772,3528.524046523623,5.5,5.0,1.1713984887992062,5-6,True,4.0,0.211193271332884,3-4,False,11936.63105091534,26.11147449286595,457141.2102436655,7,6526.555217751775,34.23562470118717,190636.3700010258,5410.075833163565,20.300103473685336,266504.8402426397
2007,703,Toraji,2007-07-04 06:00:00,7,True,18.670254295659294,110.34324856811357,15.0,998.0,0,South China,South China,23.0,1,2007-07-03 00:00:00,15.4,111.7,South China Sea,1126.593382549539,395.28937460548264,1.25,6.0,1.3799055404077625,5-6,True,6.0,1.2922835022776555,5-6,True,10387.527483053846,18.96452164395363,547734.7479716501,4,9216.604817955154,26.99009736148391,341480.9770604113,1170.92266509869,5.677097004944436,206253.77091123885
2007,707,Pabuk,2007-08-10 12:00:00,8,True,22.35100572412556,113.59597710349776,15.0,992.0,0,South China,South China,30.0,1,2007-08-04 18:00:00,18.4,137.5,Western Tropical WNP,3120.511301474383,2866.1754892458366,5.75,4.0,0.4584119214244863,3-4,False,5.0,0.5345193375138374,5-6,False,20454.538094914282,37.76943681277014,541563.2273340768,8,17732.109186174366,55.48868453978609,319562.6159322667,2722.4289087399125,12.263159509108071,222000.61140181002
2007,709,Sepat,2007-08-18 00:00:00,8,True,23.226790712532644,121.40736044840077,45.0,950.0,2,South China,South China,65.0,3,2007-08-12 00:00:00,17.6,135.8,Western Tropical WNP,3848.6576026611287,1976.8769816834906,6.0,3.0,1.0005277564350443,3-4,True,3.0,0.4639366527226198,3-4,False,102365.14535777274,60.1888970913914,1700731.369148375,13,31095.73320837105,64.69639721445041,480640.8787385395,71269.41214940167,58.413218289622016,1220090.4904098352
2007,713,Wipha,2007-09-19 00:00:00,9,True,27.231245581923464,120.53125568038412,30.0,980.0,1,East China,East/North China,55.0,3,2007-09-15 00:00:00,19.4,133.6,Western Tropical WNP,3005.93284551786,1624.0950635468225,4.0,5.0,1.416764836532902,5-6,True,5.0,1.4132290793832738,5-6,True,41196.55814437628,59.837975550047425,688468.4477655867,6,32077.548306405537,69.82316740379221,459411.2455669456,9119.009837970747,39.8110592046027,229057.20219864097
2007,714,Francisco,2007-09-24 06:00:00,9,True,19.759746757573076,111.00253242426926,20.0,992.0,1,South China,South China,20.0,1,2007-09-21 12:00:00,19.5,122.0,Western Tropical WNP,1841.9176030851577,1164.810855906157,2.75,5.0,1.247099039898918,5-6,True,5.0,1.2813333938894125,5-6,True,9384.245177192453,22.36443077227268,419605.8139260579,5,9138.75021999847,24.21301979364734,377431.24558119604,245.49495719398243,5.8209240029813305,42174.568344861764
2007,716,Krosa,2007-10-07 12:00:00,10,True,27.12268799741869,120.42184960206504,28.0,985.0,1,East China,East/North China,55.0,3,2007-10-01 06:00:00,17.6,130.8,Western Tropical WNP,3739.507215916671,1943.774254773708,6.25,7.0,0.624211288850089,7-8,False,6.0,0.4340110810028165,5-6,False,24183.34066450553,59.18405131932285,408612.45767083834,10,21578.640503629445,81.95794036859374,263289.1993940148,2604.7001608760766,17.923491337597397,145323.2582768236
2008,801,Neoguri,2008-04-19 12:00:00,4,False,21.802507566011663,112.1683383773411,15.0,998.0,0,South China,South China,40.0,2,2008-04-14 00:00:00,8.8,121.6,Western Tropical WNP,2472.7775359867283,2137.7549748094343,5.5,3.0,0.4373504063925494,3-4,False,2.0,0.6804523439784705,1-2,False,4614.488111159671,13.948836212084654,330815.27670114033,6,4051.9424662988927,22.858977545798485,177258.2548007991,562.5456448607783,3.663431589770421,153557.0219003412
2008,806,Fengshen,2008-06-25 00:00:00,6,True,22.148499935197663,114.44431252430088,23.0,990.0,1,South China,South China,45.0,2,2008-06-17 18:00:00,8.4,134.2,Western Tropical WNP,3539.556923714721,2826.603872465065,7.25,8.0,1.0334996081037555,7-8,True,6.0,0.9601852067984252,5-6,False,39139.50118231278,47.365339854654735,826332.1091417529,11,26749.869121276246,73.63507284249044,363276.19555012486,12389.632061036522,26.756233313031423,463055.9135916282
2008,807,Kalmaegi,2008-07-17 18:00:00,7,True,24.41347722104385,121.78652277895615,28.0,980.0,1,East China,East/North China,33.0,2,2008-07-13 06:00:00,20.1,126.4,North WNP,4310.075472734195,1180.4220114215464,4.5,2.0,1.453914799586804,1-2,True,1.0,1.3640775378977332,1-2,True,24174.438323885173,26.882578799765025,899260.3910491086,11,20392.237786770413,30.236982538854623,674413.7832062547,3782.200537114761,16.82124793164839,224846.60784285382
2008,808,Fung-wong,2008-07-28 00:00:00,7,True,23.48753595259904,121.50618408690175,40.0,960.0,2,South China,South China,45.0,2,2008-07-24 00:00:00,21.8,133.2,North WNP,2653.2716170446115,1299.5083139919443,4.0,5.0,0.5939725774056824,5-6,False,4.0,0.5177302086719162,3-4,False,53874.76488102927,45.272689633460885,1190005.8361279825,8,31820.54630599942,72.98481889010176,435988.5629628512,22054.218575029834,29.248956701552807,754017.2731651311
2008,809,Kammuri,2008-08-06 12:00:00,8,True,21.56455302653455,111.86585230099088,23.0,985.0,1,South China,South China,25.0,1,2008-08-03 12:00:00,19.1,120.2,Western Tropical WNP,1833.3116636529182,927.2625998598659,3.0,2.0,0.4547174111169006,1-2,False,4.0,0.607993032908193,3-4,False,34805.60851127481,46.642649294166425,746218.5154141305,6,32204.572051599374,65.80265581189396,489411.4326275922,2601.0364596754425,10.128367299890487,256807.08278653823
2008,812,Nuri,2008-08-22 12:00:00,8,True,22.14849938403939,114.38120049276849,28.0,980.0,1,South China,South China,40.0,2,2008-08-17 06:00:00,15.7,138.8,Western Tropical WNP,3011.3735351784762,2748.5188259937804,5.25,2.0,1.5313151771213498,1-2,True,2.0,1.1876007515021538,1-2,True,12875.134983766427,31.43016239733401,409642.64902616385,7,12433.626303098512,44.17639703273368,281454.0600467142,441.50868066791367,3.4442120330905075,128188.58897944965
2008,813,Sinlaku,2008-09-13 18:00:00,9,True,24.68440078547185,121.83119842905629,45.0,950.0,2,East China,East/North China,55.0,3,2008-09-08 00:00:00,15.4,126.7,Western Tropical WNP,5434.610389399025,1259.4558974104705,5.75,5.0,1.7241508388475486,5-6,True,4.0,1.1705453954481078,3-4,True,4507.995244646046,24.782353422288505,181903.4362003606,14,4370.032950215367,28.712108640914806,152201.74195036525,137.96229443067756,4.644930126526343,29701.694249995333
2008,814,Hagupit,2008-09-24 00:00:00,9,True,21.41430753521853,111.26419297532124,45.0,950.0,2,South China,South China,50.0,2,2008-09-17 12:00:00,15.9,141.2,Eastern Tropical WNP,4293.253749824112,3476.5931545047706,6.5,6.0,1.1277078123486488,5-6,True,5.0,1.2956027908554368,5-6,True,31873.047283546588,43.22064998707831,737449.5129776087,9,26347.748897481848,62.037664979038816,424705.6833358281,5525.298386064736,17.667169940310124,312743.8296417806
2008,815,Jangmi,2008-09-28 12:00:00,9,True,24.17969802774548,121.6541385926787,45.0,950.0,2,East China,East/North China,65.0,3,2008-09-23 18:00:00,11.6,138.6,Western Tropical WNP,5083.872451163204,2381.034941762527,4.75,7.0,1.2887526307948145,7-8,True,6.0,1.3098611569741228,5-6,True,1655.5914235855735,18.732672176916523,88379.88557904134,13,1655.3545735544042,18.800103027937112,88050.29265502075,0.23685003116881687,0.718613823014053,329.5929240205906
2008,817,Higos,2008-10-03 18:00:00,10,True,19.60036053295493,110.95703984772716,16.0,1000.0,0,South China,South China,18.0,1,2008-09-28 18:00:00,8.0,134.3,Western Tropical WNP,3824.201279821703,2987.218905425593,5.0,1.0,1.5065970671673858,1-2,True,7.0,1.2887526307948145,7-8,True,36048.04199348412,64.04724591967506,562835.1613852971,9,28020.195552244477,80.33286448527619,348801.1504604091,8027.846441239645,37.50734010239568,214034.01092488796
2009,903,Linfa,2009-06-21 18:00:00,6,True,24.549359612246487,118.56401126239136,23.0,990.0,1,East China,East/North China,30.0,1,2009-06-17 06:00:00,17.4,116.7,South China Sea,4708.197619303821,1047.3827138451784,4.5,8.0,1.5585614161015766,7-8,True,8.0,1.5055350691045124,7-8,True,10330.89089283538,20.94509258473181,493236.8215152323,9,7881.50372321359,26.796784369622817,294121.2503149507,2449.3871696217893,12.301334118957767,199115.57120028167
2009,904,Nangka,2009-06-26 18:00:00,6,True,22.705304811908253,114.56763942006552,16.0,995.0,0,South China,South China,23.0,1,2009-06-22 12:00:00,10.9,129.2,Western Tropical WNP,2286.137348227025,2216.9975815732737,4.25,1.0,0.7949583115785827,1-2,False,8.0,1.1617983036759096,7-8,True,6765.533078815611,16.76434141023107,403566.8871958603,6,5755.30200368664,25.13230527501952,229000.16296583723,1010.2310751289705,5.787077002131342,174566.72423002304
2009,905,Soudelor,2009-07-12 00:00:00,7,True,20.257312328165227,110.32766758311878,18.0,994.0,1,South China,South China,18.0,1,2009-07-09 18:00:00,18.6,122.0,Western Tropical WNP,1816.8735185111548,1243.1482031697112,2.25,4.0,0.9267324715467438,3-4,False,4.0,0.1391201262931627,3-4,False,5280.666160630235,11.5011140671966,459143.8820428463,4,4966.785980063299,12.532858212115865,396301.13865500916,313.8801805669362,4.994692523682632,62842.743387837116
2009,906,Molave,2009-07-19 00:00:00,7,True,22.608098996799495,114.35950501600252,20.0,987.0,1,South China,South China,38.0,2,2009-07-15 00:00:00,14.1,128.6,Western Tropical WNP,2334.9524315590247,1830.0342380519903,4.0,5.0,0.5580828743313988,5-6,False,4.0,1.3192700414781553,3-4,True,16016.389829475087,31.10303976745975,514946.12581988086,5,14053.33688374365,43.946427557294236,319783.3740961517,1963.0529457314383,10.058543079523288,195162.75172372925
2009,907,Goni,2009-08-07 00:00:00,8,True,20.87484545041142,110.17484545041142,25.0,972.0,1,South China,South China,28.0,1,2009-07-31 12:00:00,15.7,129.8,Western Tropical WNP,3322.1084864790796,2371.310154284916,6.5,7.0,1.1372605372702775,7-8,True,6.0,1.2329984220171035,5-6,True,31600.437405559303,65.8977345169783,479537.5385388639,10,27493.91564465356,92.41925094385316,297491.2192412894,4106.52176090574,22.55756544131598,182046.31929757446
2009,908,Morakot,2009-08-07 18:00:00,8,True,23.93587525490346,121.6068745751609,38.0,960.0,2,South China,South China,40.0,2,2009-08-03 06:00:00,20.2,133.7,North WNP,5001.341932778954,1810.4885391706023,4.5,7.0,1.1372605372702775,7-8,True,7.0,1.4005962976055786,7-8,True,37227.189079395306,62.568202910474454,594985.7491138388,11,31780.947600270345,98.31741331250721,323248.4107291644,5446.24147912497,20.042300817030927,271737.33838467445
2009,913,Mujigae,2009-09-11 00:00:00,9,True,19.71074097357376,111.00666247567229,20.0,992.0,1,South China,South China,20.0,1,2009-09-09 00:00:00,17.0,118.9,South China Sea,1750.7293115983377,907.4394715588048,2.0,5.0,0.5826424235482094,5-6,False,5.0,1.3210589054249606,5-6,True,6026.148075776577,18.57902140880342,324352.2865483737,4,5990.961058926179,19.146366310553045,312903.292549255,35.187016850396795,3.0733719358316813,11448.993999118717
2009,915,Koppu,2009-09-15 00:00:00,9,True,21.753883831798216,112.59223233640355,35.0,970.0,2,South China,South China,40.0,2,2009-09-12 18:00:00,18.8,121.0,Western Tropical WNP,1398.880593407067,975.6936839859653,2.25,2.0,0.750492419492539,1-2,False,5.0,0.2215507096345305,5-6,False,15250.097752037569,25.917512123786697,588409.0139207946,4,13033.493859995026,37.86083139442166,344247.4288062083,2216.603892042546,9.078430134708876,244161.58511458623
2009,917,Parma,2009-10-12 06:00:00,10,True,19.099476658408843,110.56788779704604,23.0,992.0,1,South China,South China,55.0,3,2009-09-27 18:00:00,9.5,145.5,Eastern Tropical WNP,5731.589415586462,5231.317014810485,14.5,8.0,0.7516954134125571,7-8,False,5.0,1.100981340425527,5-6,True,12972.482528199522,50.96772590726699,254523.47141801557,18,12457.34748494052,57.35721890780529,217188.8338059797,515.1350432590026,13.797778047614804,37334.63761203588
2010,1002,Conson,2010-07-16 12:00:00,7,True,18.19149803315232,109.61190275358676,35.0,970.0,2,South China,South China,35.0,2,2010-07-11 12:00:00,13.6,132.6,Western Tropical WNP,3182.1275310656665,2583.5244648475646,5.0,2.0,1.943430071291896,1-2,True,8.0,0.6525461757272188,7-8,False,7523.29099346268,21.484480701217166,350173.27614702185,8,7066.337040682825,24.237599645743916,291544.424529005,456.9539527798529,7.794011654143157,58628.85161801681
2010,1003,Chanthu,2010-07-22 06:00:00,7,True,21.258248804837653,110.65947009455763,35.0,970.0,2,South China,South China,35.0,2,2010-07-17 06:00:00,15.8,123.1,Western Tropical WNP,2226.158572211134,1701.6755858302442,5.0,3.0,1.9327299945681276,3-4,True,2.0,1.9937555708876311,1-2,True,22986.790320028893,34.135779861838095,673392.8567932572,7,20046.407188764624,56.89155607053238,352361.7312191586,2940.383131264272,9.159183945189108,321031.12557409855
2010,1006,Lionrock,2010-09-02 06:00:00,9,True,23.90309559717286,117.48761761130856,18.0,995.0,1,South China,South China,28.0,1,2010-08-27 12:00:00,15.6,117.2,South China Sea,2110.8962852537506,1418.3556676083167,5.75,2.0,0.8009610645577875,1-2,False,5.0,1.6666797425722752,5-6,True,29137.331412642303,47.62021338290855,611868.980475842,9,21762.301027461494,72.09582937836211,301852.4263484365,7375.03038518081,23.78915024695727,310016.5541274055
2010,1010,Meranti,2010-09-10 00:00:00,9,True,24.699426492679773,118.72737700133096,28.0,985.0,1,East China,East/North China,35.0,2,2010-09-07 00:00:00,22.6,123.7,North WNP,4589.858008477166,998.6766214604618,3.0,3.0,1.2083553940353795,3-4,True,3.0,1.170489655579804,3-4,True,13135.79429502042,21.755435543601983,603793.6711813385,8,10460.84293118413,31.262184144580644,334616.50928818854,2674.951363836289,9.937512324682706,269177.16189314995
2010,1011,Fanapi,2010-09-19 06:00:00,9,True,23.628088907957075,121.52741337909698,40.0,960.0,2,South China,South China,52.0,3,2010-09-14 18:00:00,19.6,129.1,Western Tropical WNP,2604.7827121355613,1179.717450863584,4.5,1.0,0.709927440150496,1-2,False,4.0,0.9646622896501889,3-4,False,23501.546917150896,31.424089474485914,747883.1466614953,8,17218.236705366402,48.66497724735887,353811.66660878004,6283.3102117844965,15.94459515553872,394071.4800527152
2010,1013,Megi,2010-10-23 12:00:00,10,True,24.020056351083404,117.70501408777083,23.0,990.0,1,East China,East/North China,72.0,3,2010-10-13 00:00:00,11.8,141.4,Eastern Tropical WNP,3922.9437649372926,3660.029230801595,10.5,5.0,1.1279527075518228,5-6,True,5.0,3.222058215039036,5-6,True,7695.034589725266,17.55122925574845,438432.8002099886,12,6527.424585853571,25.44827478028424,256497.72498175866,1167.6100038716947,6.417728975058693,181935.07522823004
2011,1103,Sarika,2011-06-11 00:00:00,6,True,23.558578564668405,116.9,18.0,996.0,1,South China,South China,20.0,1,2011-06-08 18:00:00,14.3,120.1,Western Tropical WNP,1124.794154909264,1120.188301446055,2.25,5.0,1.1162928737087896,5-6,True,4.0,0.544012250537966,3-4,False,4140.992804228442,13.147841951632099,314956.0832463766,4,2320.3500776449264,12.829467221574339,180860.9849162692,1820.6427265835152,13.577250393609201,134095.0983301074
2011,1104,Haima,2011-06-23 12:00:00,6,True,21.21707401655772,110.62683307450976,18.0,988.0,1,South China,South China,20.0,1,2011-06-16 18:00:00,9.1,129.4,Western Tropical WNP,3544.885670513765,2732.6546488080226,6.75,1.0,0.5217323893550819,1-2,False,7.0,0.7878098608948002,7-8,False,14756.080257739903,31.414538334376104,469721.3787029527,10,14175.696165641486,38.11599890153174,371909.34447927633,580.384092098417,5.933667535951611,97812.03422367647
2011,1108,Nock-ten,2011-07-29 12:00:00,7,True,19.49018033561873,110.80815923287147,25.0,985.0,1,South China,South China,28.0,1,2011-07-24 18:00:00,12.9,127.5,Western Tropical WNP,2979.2354572549784,2037.6173148388302,4.75,8.0,1.0499122674911878,7-8,True,5.0,1.328368084649587,5-6,True,7378.784810976218,29.91148521616722,246687.34292698948,8,7257.917938861397,32.17260503181948,225593.1072937097,120.86687211482062,5.729853132205096,21094.2356332798
2011,1109,Muifa,2011-08-08 18:00:00,8,True,40.4565557106285,124.9426970119896,15.0,995.0,0,North China,East/North China,65.0,3,2011-07-27 00:00:00,10.0,141.6,Eastern Tropical WNP,5140.948269454721,4740.398387909644,12.75,5.0,0.0844593193956466,5-6,False,7.0,0.6697810711418264,7-8,False,15714.221375491432,19.181213400156338,819250.6411175923,14,11233.543012800534,21.471000246238017,523196.07302732853,4480.678362690897,15.134636805620204,296054.5680902637
2011,1111,Nanmadol,2011-08-29 00:00:00,8,True,22.26141248771656,120.88470536591674,30.0,980.0,1,South China,South China,60.0,3,2011-08-21 06:00:00,11.9,128.8,Western Tropical WNP,2066.027895015138,1625.2565861707126,7.75,3.0,1.3627498760163654,3-4,True,1.0,0.9165930345662776,1-2,False,17025.034793570987,45.01878333744588,378176.25291996385,11,12243.306403903207,61.847092748623155,197960.9042201223,4781.728389667779,26.533413630777957,180215.3486998416
2011,1119,Nalgae,2011-10-04 06:00:00,10,True,18.634406408235304,110.2311871835294,23.0,990.0,1,South China,South China,50.0,2,2011-09-26 12:00:00,18.0,139.5,Western Tropical WNP,3546.797282535375,3222.190715803289,7.75,6.0,1.1144831623013876,5-6,True,5.0,1.1725988412050683,5-6,True,5103.727189462522,34.981151343790465,145899.34846065292,10,5103.311338207597,35.00561900303585,145785.49054553258,0.4158512549246085,3.652370188625901,113.85791512033465
2012,1206,Doksuri,2012-06-30 00:00:00,6,True,21.99943678364183,113.00140804089544,12.0,1000.0,0,South China,South China,23.0,1,2012-06-25 00:00:00,11.0,135.2,Western Tropical WNP,3037.1920418488785,2774.442843162754,5.0,2.0,0.9831086428228208,1-2,False,1.0,1.8121236086140688,1-2,True,4484.59116891639,11.077456464272457,404839.430728553,6,4117.75886789394,14.823120889916455,277792.9761535628,366.8323010224507,2.8873871549553947,127046.45457499017
2012,1208,Vicente,2012-07-24 00:00:00,7,True,21.897427430005827,112.98975689570511,38.0,970.0,2,South China,South China,45.0,2,2012-07-18 12:00:00,14.8,128.5,Western Tropical WNP,2884.326710786225,2043.0257497388486,5.5,4.0,0.8796337215278884,3-4,False,4.0,0.8124884926417304,3-4,False,34305.79268771464,41.1613157127202,833447.4273647433,8,27275.497308783702,59.48312238995714,458541.7882062757,7030.295378930931,18.75217293266512,374905.6391584676
2012,1209,Saola,2012-08-03 00:00:00,8,True,26.92611309437122,120.2369434528144,25.0,985.0,1,East China,East/North China,40.0,2,2012-07-26 18:00:00,10.6,131.5,Western Tropical WNP,3334.009610117483,2395.7032102208946,7.25,6.0,1.3558358505249493,5-6,True,5.0,0.8073902357088653,5-6,False,41943.48686619043,34.89177762090103,1202102.321122936,11,17841.115916135255,41.61296030708586,428739.40677316516,24102.37095005518,31.165666859420078,773362.9143497709
2012,1210,Damrey,2012-08-02 18:00:00,8,True,34.66292577656554,119.4797597820206,30.0,985.0,1,North China,East/North China,40.0,2,2012-07-27 06:00:00,24.8,148.6,North WNP,3800.581714753735,3166.849291363003,6.5,6.0,1.392616990461146,5-6,True,5.0,0.8797851094414776,5-6,False,20873.15660581704,32.595865190856344,640362.0975728016,9,19363.610644790893,46.37776799930631,417519.2442439344,1509.545961026145,6.774038020408875,222842.85332886726
2012,1211,Haikui,2012-08-08 00:00:00,8,True,29.21948265107909,121.52882775827344,35.0,975.0,2,East China,East/North China,45.0,2,2012-08-01 12:00:00,22.4,146.5,North WNP,3311.569122308706,2713.3044518878687,6.5,8.0,1.6189807748619809,7-8,True,6.0,1.2438321060017106,5-6,True,57874.98854087913,75.67363273727962,764797.2807359067,11,23990.710260215536,86.24328113148948,278174.8322357828,33884.27828066361,69.63155601452897,486622.44850012386
2012,1213,Kai-tak,2012-08-17 06:00:00,8,True,20.950615845231265,110.1633821587666,35.0,970.0,2,South China,South China,38.0,2,2012-08-12 00:00:00,16.6,131.8,Western Tropical WNP,3264.1017713272386,2440.970652389841,5.25,1.0,1.2896149640432095,1-2,True,1.0,1.6678369620539657,1-2,True,23000.355606451845,29.20723843714926,787488.1994046121,7,20639.494217667783,39.91014264570122,517149.0966818405,2360.8613887840643,8.732963026828902,270339.1027227716
2012,1215,Bolaven,2012-08-28 18:00:00,8,True,40.63518411799432,125.39524645113087,23.0,980.0,1,North China,East/North China,55.0,3,2012-08-19 06:00:00,14.2,142.2,Eastern Tropical WNP,5995.662017898866,3861.2197593036303,9.5,3.0,1.3713460318826012,3-4,True,2.0,1.173010209713328,1-2,True,29610.141737736274,38.64258856538283,766256.6830282666,12,16586.288021900193,34.54281815337612,480166.0347529895,13023.853715836081,45.52352128373135,286090.6482752772
2012,1216,Sanba,2012-09-18 06:00:00,9,True,45.09948724528176,133.06632483018782,18.0,994.0,1,North China,East/North China,65.0,3,2012-09-10 00:00:00,8.5,134.9,Western Tropical WNP,4750.237496174487,4392.791791680954,8.25,6.0,0.7267603346279136,5-6,False,4.0,1.1286746816258637,3-4,True,10649.686172480408,36.65940428085122,290503.52512256167,9,9979.85615046656,41.84468616612431,238497.57435977212,669.830022013848,12.879872633597024,52005.950762789595
2013,1305,Bebinca,2013-06-22 06:00:00,6,True,19.167473096011765,110.5861558360412,23.0,988.0,1,South China,South China,23.0,1,2013-06-19 18:00:00,15.3,116.8,South China Sea,1683.9377127113462,1000.8622351620547,2.5,7.0,1.3374219197207482,7-8,True,6.0,1.594013782059458,5-6,True,8168.650778428556,18.324045425118197,445788.6121167955,6,7742.047349002161,21.938845923593416,352892.1884025007,426.60342942639477,4.592248144432601,92896.42371429477
2013,1306,Rumbia,2013-07-02 00:00:00,7,True,20.988599632961748,110.35997532115849,25.0,980.0,1,South China,South China,30.0,1,2013-06-27 06:00:00,9.0,132.2,Western Tropical WNP,3333.087801317154,2757.390570445291,4.75,1.0,1.148100073865996,1-2,True,8.0,1.8133651343415045,7-8,True,10647.038312578785,20.799951539022835,511878.03455233306,6,9477.679403703667,31.94271595056287,296708.6273556729,1169.3589088751175,5.43459650751535,215169.40719666018
2013,1307,Soulik,2013-07-13 12:00:00,7,True,25.94459845816664,119.6878107928335,28.0,985.0,1,East China,East/North China,55.0,3,2013-07-07 00:00:00,18.9,150.9,Eastern Tropical WNP,3988.897205376514,3390.436020430899,6.5,4.0,1.2022477214185758,3-4,True,2.0,1.6654316008807128,1-2,True,21451.75342866139,34.67807155575723,618597.0691643027,8,13770.374448535187,62.276239312610095,221117.63010305722,7681.3789801262,19.325223458772715,397479.4390612454
2013,1308,Cimaron,2013-07-18 18:00:00,7,True,24.17750571610684,117.98437261828882,16.0,1002.0,0,East China,East/North China,23.0,1,2013-07-14 18:00:00,13.5,128.5,Western Tropical WNP,2003.6167144151896,1793.3531985988857,4.0,6.0,0.49833619388459,5-6,False,4.0,1.201881952455917,3-4,True,5607.261999870716,14.630903515873454,383247.82839195465,6,4956.467045262329,21.487126183305328,230671.4729079645,650.794954608386,4.265372262589363,152576.35548399016
2013,1309,Jebi,2013-08-02 12:00:00,8,True,19.53578445434001,110.880637100226,28.0,982.0,1,South China,South China,30.0,1,2013-07-28 18:00:00,12.3,120.0,Western Tropical WNP,2065.6256569390916,1407.9679148615107,4.75,3.0,0.7464725188226352,3-4,False,1.0,0.593935993736013,1-2,False,12099.12640654376,22.564816286104406,536194.3236380125,7,10661.25030934851,30.634296151778305,348016.81933631207,1437.876097195251,7.641062636742909,188177.50430170042
2013,1311,Utor,2013-08-14 12:00:00,8,True,21.58001179970931,111.87998230043604,35.0,970.0,2,South China,South China,60.0,3,2013-08-08 18:00:00,12.7,135.9,Western Tropical WNP,3641.7956506011456,2862.1209507345993,5.75,2.0,0.2682550664400509,1-2,False,1.0,0.7843774492677547,1-2,False,78941.34333228036,97.56713507421689,809097.6871692671,11,46523.171918199914,131.60205441950936,353514.0247119355,32418.171414080458,71.15744941164706,455583.66245733155
2013,1312,Trami,2013-08-22 00:00:00,8,True,25.724263049261744,119.60294780295304,25.0,977.0,1,East China,East/North China,35.0,2,2013-08-16 00:00:00,23.0,123.6,North WNP,2827.8397482363102,1981.4808695555862,6.0,8.0,0.8750441679593575,7-8,False,8.0,0.9212144710891936,7-8,False,49006.27058784338,43.08391703072927,1137460.8894750688,8,18363.55355896118,57.06163861731026,321819.59726250137,30642.717028882198,37.56886430523711,815641.2922125674
2013,1319,Usagi,2013-09-22 12:00:00,9,True,22.742084843221004,115.6027030487265,45.0,935.0,2,South China,South China,60.0,3,2013-09-16 06:00:00,17.5,132.4,Western Tropical WNP,2870.361976884665,2021.63432757631,6.25,5.0,1.6949163180005826,5-6,True,4.0,1.352319323297861,3-4,True,35190.42293564178,37.48113915722131,938883.4951901885,9,13987.18099795593,37.266935993297984,375324.1479383054,21203.241937685852,37.62379604043557,563559.347251883
2013,1323,Fitow,2013-10-06 18:00:00,10,True,27.086036963368084,120.27446952870356,42.0,965.0,2,East China,East/North China,45.0,2,2013-09-29 12:00:00,10.2,134.1,Western Tropical WNP,2846.2963929917264,2596.5749064426586,7.25,6.0,1.1460695596803128,5-6,True,6.0,1.475723588759958,5-6,True,19224.278435321918,54.64752985455002,351786.7776730128,9,17364.212415178157,98.97618061217374,175438.2954341079,1860.0660201437624,10.547672407091504,176348.48223890483
2013,1330,Haiyan,2013-11-11 06:00:00,11,False,21.670117841390866,107.35258838104316,20.0,995.0,1,South China,South China,78.0,3,2013-11-03 06:00:00,6.0,156.0,Eastern Tropical WNP,6080.033673377486,5908.397095807042,8.0,3.0,0.4986758717240597,3-4,False,1.0,1.4321524098404017,1-2,True,30305.107801855876,62.10655371967731,487953.4604132167,9,22054.8526900932,82.25418106502812,268130.47561262787,8250.255111762677,37.531357875277926,219822.9848005888
2014,1407,Hagibis,2014-06-15 12:00:00,6,True,23.16347284507867,116.55461086196853,18.0,994.0,1,South China,South China,23.0,1,2014-06-13 12:00:00,19.8,116.6,South China Sea,4874.744002563944,391.4584315605156,2.0,4.0,1.3366677612564304,3-4,True,4.0,2.0336758005592017,3-4,True,10351.091267873126,25.557967757994653,405004.4731993707,8,9672.411791871904,33.89509404598875,285363.1790709419,678.6794760012217,5.672618981141194,119641.29412842882
2014,1409,Rammasun,2014-07-18 12:00:00,7,True,20.141613856524152,110.69596535868962,60.0,910.0,3,South China,South China,72.0,3,2014-07-10 00:00:00,8.8,152.3,Eastern Tropical WNP,5584.229892589466,4910.232253095224,8.5,5.0,1.3368847761780274,5-6,True,5.0,1.7248444730337715,5-6,True,25763.940184032042,40.26665860805635,639833.0796406664,10,23689.28462274755,61.526080759132306,385028.33807159663,2074.6555612844945,8.142138754989059,254804.74156906974
2014,1410,Matmo,2014-07-22 18:00:00,7,True,23.060876904945445,121.33912309505456,40.0,960.0,2,South China,South China,42.0,2,2014-07-17 00:00:00,9.8,136.0,Western Tropical WNP,4544.445026561149,2294.812079156708,5.75,6.0,1.7496616068832012,5-6,True,6.0,1.171868002201092,5-6,True,44677.00471634825,45.029366535650254,992174.8439649261,10,31097.660358374585,53.59429188746716,580242.023230214,13579.344357973665,32.964948832564296,411932.8207347121
2014,1415,Kalmaegi,2014-09-17 06:00:00,9,True,22.6049721895877,103.53756952603077,15.0,998.0,0,South China,South China,42.0,2,2014-09-10 18:00:00,10.0,141.0,Eastern Tropical WNP,4443.334120064293,4360.89554685351,6.5,8.0,0.6443891707270781,7-8,False,6.0,0.3000374931911204,5-6,False,35518.36766294336,50.562975559311184,702458.0193323422,8,28570.120061335812,60.97331457703427,468567.6063294878,6948.247601607543,29.707278346302928,233890.41300285436
2014,1416,Fung-wong,2014-09-22 18:00:00,9,True,29.217279687959017,121.96090677068032,23.0,990.0,1,East China,East/North China,28.0,1,2014-09-17 06:00:00,12.4,132.2,Western Tropical WNP,4392.882531412449,2734.808418407112,5.5,1.0,0.3418884573296069,1-2,False,8.0,0.6443891707270781,7-8,False,7416.448011411373,21.33517121446778,347616.0531761817,8,7050.261262966621,27.45970819562245,256749.31476841238,366.18674844475316,4.029931687450592,90866.73840776928
2015,1508,Kujira,2015-06-22 12:00:00,6,True,18.78325409972008,110.51674590027991,23.0,988.0,1,South China,South China,25.0,1,2015-06-19 18:00:00,14.9,112.2,South China Sea,1107.5411646865737,518.0528244678121,2.75,5.0,1.4569359592203417,5-6,True,5.0,1.1506051154757275,5-6,True,6727.158458476803,18.935753815877646,355262.24748634384,6,6474.429039358544,22.77878463704142,284230.6621061001,252.72941911826013,3.5579864614503296,71031.58538024368
2015,1510,Linfa,2015-07-09 06:00:00,7,True,22.831093447040224,116.11343931775863,33.0,970.0,2,South China,South China,42.0,2,2015-07-01 18:00:00,13.3,129.9,Western Tropical WNP,2361.4442432596857,2017.0104721939483,7.5,7.0,2.837037254995757,7-8,True,6.0,3.058720845632052,5-6,True,5393.112815878643,18.105842681886056,297865.8828884098,9,4955.212420677685,28.974791100615306,171018.055090394,437.9003952009564,3.4521710209988004,126847.82779801585
2015,1513,Soudelor,2015-08-08 00:00:00,8,True,23.74932820876241,121.56410761598931,42.0,955.0,2,South China,South China,68.0,3,2015-07-30 00:00:00,13.7,160.7,Eastern Tropical WNP,6728.611052882774,4378.862280578781,9.0,7.0,1.1806296668777674,7-8,True,1.0,1.0459988618292488,1-2,True,54330.701501647934,55.903810115135855,971860.440097946,14,33223.406191122165,88.30068154592617,376253.11163473077,21107.295310525773,35.43827334191265,595607.3284632153
2015,1515,Goni,2015-08-27 06:00:00,8,True,44.43634411262379,131.18189237202958,15.0,1000.0,0,North China,East/North China,55.0,3,2015-08-14 00:00:00,12.2,150.3,Eastern Tropical WNP,6416.06244644637,6299.456246236692,13.25,1.0,0.7414528449270973,1-2,False,7.0,0.4029812454978762,7-8,False,7907.9587064870475,18.275036179320256,432719.1819973287,14,5009.587829446662,19.92948826454717,251365.60271636696,2898.370877040386,15.981878540980375,181353.57928096177
2015,1521,Dujuan,2015-09-28 12:00:00,9,True,24.0,121.63406372070312,40.0,960.0,2,East China,East/North China,58.0,3,2015-09-21 12:00:00,15.3,141.7,Eastern Tropical WNP,3305.510585599409,2391.840513353914,7.0,8.0,0.6591425684823097,7-8,False,5.0,0.4059027092212071,5-6,False,21444.613170896006,29.484724286349586,727312.6573146939,10,15403.463838024869,57.81285907467524,266436.63857081777,6041.149332871139,13.107970662774719,460876.01874387613
2015,1522,Mujigae,2015-10-04 12:00:00,10,True,21.17335789586798,110.4056827053126,33.0,975.0,2,South China,South China,52.0,3,2015-09-30 18:00:00,13.0,126.4,Western Tropical WNP,2261.380327513408,1947.3961377822031,3.75,8.0,1.7191880196695306,7-8,True,8.0,1.187078011800271,7-8,True,37288.01509896388,63.21963737673696,589816.9721657533,6,24928.90985672638,78.05382980559466,319380.99538249115,12359.105242237505,45.70066967141197,270435.9767832622
2016,1601,NEPARTAK,2016-07-08 00:00:00,7,True,22.55145074223997,120.96702091768012,45.0,950.0,2,South China,South China,72.0,3,2016-07-02 12:00:00,8.2,145.3,Eastern Tropical WNP,3754.1491932019103,3093.950048883952,5.5,2.0,0.2501292569277645,1-2,False,6.0,0.9747592392095809,5-6,False,17430.557229927796,33.87127170679696,514611.8333203888,9,10579.33926710264,44.02858294547235,240283.4376978412,6851.21796282516,24.974512562862255,274328.39562254754
2016,1603,MIRINAE,2016-07-26 18:00:00,7,True,18.772743532483474,110.49079527261569,23.0,992.0,1,South China,South China,30.0,1,2016-07-25 12:00:00,17.1,114.8,South China Sea,1157.0216530126172,500.43901585955666,1.25,3.0,0.8800054567227956,3-4,False,3.0,1.0594570033205497,3-4,True,6301.071883462423,17.46553917568706,360771.6784508917,4,6145.170083870581,19.82743484128738,309932.683327965,155.9017995918418,3.066579093762124,50838.995122926775
2016,1604,NIDA,2016-08-02 00:00:00,8,True,22.50886781121488,114.61896266074793,25.0,982.0,1,South China,South China,38.0,2,2016-07-29 12:00:00,12.0,127.3,Western Tropical WNP,2575.0947799124715,1837.9624499425145,3.5,4.0,0.4075952737093846,3-4,False,4.0,0.5342584232360312,3-4,False,34738.41894464227,36.531830598556155,950908.245644149,6,20944.11005806221,53.28684197120789,393044.6857664937,13794.30888658006,24.727029830744417,557863.5598776555
2016,1608,DIANMU,2016-08-20 00:00:00,8,True,22.43403980535535,101.98723737921136,10.0,998.0,0,South China,South China,23.0,1,2016-08-15 06:00:00,21.9,117.1,North WNP,1747.2817510551718,1652.7898638680222,4.75,6.0,1.8129103945125908,5-6,True,6.0,1.6315941903055518,5-6,True,36813.30566038657,46.36440408397199,793999.3274520012,6,35007.043709675876,61.40513486479254,570099.6144175499,1806.2619507107042,8.06728122261049,223899.7130344511
2016,1614,MERANTI,2016-09-15 00:00:00,9,True,24.50587288008716,118.19412711991284,25.0,990.0,1,East China,East/North China,75.0,3,2016-09-09 00:00:00,13.0,142.8,Eastern Tropical WNP,4437.664522131485,2975.593581934548,6.0,4.0,1.7116029993694537,3-4,True,1.0,0.6599551047569885,1-2,False,41108.65047631683,58.20777173000309,706239.8929647988,9,31708.4110043114,95.37963366194892,332444.2523725195,9400.239472005418,25.148071435800425,373795.64059227926
2016,1617,MEGI,2016-09-27 06:00:00,9,True,23.98761123143453,121.62340100729033,45.0,950.0,2,South China,South China,52.0,3,2016-09-22 18:00:00,15.4,141.2,Eastern Tropical WNP,3326.021864891484,2288.1242954862937,4.5,5.0,1.0399239937987932,5-6,True,4.0,0.8205026522243941,3-4,False,46814.57006698231,57.03009570108765,820874.8291840844,8,26170.070328078364,80.63416373831109,324553.1312634471,20644.499738903938,41.59499740872709,496321.6979206374
2016,1621,SARIKA,2016-10-18 06:00:00,10,True,18.77211139296795,110.4901994926577,33.0,975.0,2,South China,South China,55.0,3,2016-10-12 18:00:00,12.5,129.7,Western Tropical WNP,2905.778838865993,2215.3996750304427,5.5,6.0,0.2544794845292442,5-6,False,5.0,0.6586908937983399,5-6,False,34106.10669772838,57.732409675298015,590761.8768998199,9,22562.216487687976,86.05235319260684,262191.74317276425,11543.89021004041,35.133717356154946,328570.13372705574
2016,1622,HAIMA,2016-10-21 06:00:00,10,True,22.828905899101013,115.18554705044949,35.0,970.0,2,South China,South China,68.0,3,2016-10-14 12:00:00,7.2,144.4,Eastern Tropical WNP,5013.882216399018,3717.2871343610823,6.75,2.0,0.1819998546009998,1-2,False,5.0,0.6720339767736393,5-6,False,26893.006201182237,29.63072889978039,907605.2868001353,9,15302.540763554454,38.311237939503656,399426.94589296036,11590.465437627785,22.807869805976104,508178.34090717486
2017,1702,MERBOK,2017-06-12 15:00:00,6,True,22.148500421517184,114.5,25.0,988.0,1,South China,South China,30.0,1,2017-06-10 00:00:00,13.1,119.8,South China Sea,1891.4370550465,1219.6284642719936,2.625,1.0,1.001300813057186,1-2,True,8.0,0.5847482381740261,7-8,False,22203.254077998048,27.093920977264716,819492.0955379413,4,14711.619661394177,40.1490985050592,366424.6573192761,7491.634416603864,16.53536269580282,453067.4382186652
2017,1707,ROKE,2017-07-23 06:00:00,7,True,22.381345292490906,114.49495515315913,15.0,1000.0,0,South China,South China,20.0,1,2017-07-21 06:00:00,18.7,124.2,Western Tropical WNP,1455.1142894267728,1101.3466961081867,2.0,5.0,1.0075358757004684,5-6,True,4.0,1.016088455731352,3-4,True,3277.126027389317,7.937471098071979,412867.7744962543,3,2314.3680771150484,10.338025469530745,223869.45011271094,962.7579502742691,5.094002570734429,188998.32438354328
2017,1709,NESAT,2017-07-29 12:00:00,7,True,24.66390584537076,121.83158238530058,38.0,965.0,2,East China,East/North China,40.0,2,2017-07-25 00:00:00,12.7,128.9,Western Tropical WNP,2215.414984741998,1576.7339276678522,4.5,6.0,1.3170782714359306,5-6,True,5.0,1.1982061589921784,5-6,True,18040.26843466699,34.852192407762516,517622.19786922034,7,12225.76166129299,52.062877640469615,234826.85197926208,5814.506773373996,20.560829086757835,282795.34588995826
2017,1710,HAITANG,2017-07-31 00:00:00,7,True,25.384249997928443,119.65260000165723,23.0,988.0,1,East China,East/North China,23.0,1,2017-07-27 12:00:00,19.2,117.9,South China Sea,2853.7859450418937,1444.1867166208904,3.5,7.0,0.8926781520278433,7-8,False,6.0,1.039837551948304,5-6,True,59118.96792697478,44.38529181936187,1331949.5153389024,8,27788.736040092615,54.566528085223645,509263.40771931346,31330.23188688217,38.08285030791999,822686.1076195892
2017,1713,HATO,2017-08-23 06:00:00,8,True,21.99255948717032,113.22232153848906,42.0,955.0,2,South China,South China,52.0,3,2017-08-19 18:00:00,18.7,129.6,Western Tropical WNP,3174.0659572101085,1779.8626572017736,3.5,2.0,0.5093836070547584,1-2,False,1.0,0.3706551178179894,1-2,False,44845.05745985915,40.50795643963332,1107067.8800272034,7,34251.785088250916,56.556197755704844,605623.9006059407,10593.272371608235,21.12553506741545,501443.97942126263
2017,1714,PAKHAR,2017-08-27 06:00:00,8,True,21.99179439663955,113.2164112067209,20.0,992.0,1,South China,South China,30.0,1,2017-08-24 00:00:00,15.4,128.7,Western Tropical WNP,2609.983219952783,1912.220093301826,3.25,2.0,0.9959258876824926,1-2,False,2.0,0.5910068340009152,1-2,False,21549.602452316012,24.880616455448827,866120.1176788638,5,13905.668806611771,33.790389365036695,411527.3327095818,7643.933645704242,16.814903136266803,454592.78496928205
2017,1716,MAWAR,2017-09-03 18:00:00,9,True,22.76444211967167,115.83689260852532,15.0,1000.0,0,South China,South China,25.0,1,2017-08-31 00:00:00,19.3,119.9,South China Sea,848.0414887720017,586.0649338386464,3.75,5.0,0.6183532213944689,5-6,False,4.0,0.8008774336966812,3-4,False,6733.2202510663765,19.36105227696019,347771.3997538741,5,5679.645183772155,26.601719256912215,213506.69589885065,1053.5750672942197,7.8469995244010695,134264.7038550235
2018,1804,EWINIAR,2018-06-06 00:00:00,6,True,20.57325353080814,110.41976059242442,20.0,992.0,1,South China,South China,23.0,1,2018-06-02 12:00:00,12.0,112.1,South China Sea,2095.8448046917,1058.3326938486234,3.5,6.0,1.544587940761178,5-6,True,5.0,1.4830275103185788,5-6,True,56475.637700477164,89.96099285703023,627779.1730270319,9,41365.775704381405,120.83019547154349,342346.34433015867,15109.861996095764,52.93666487165804,285432.8286968734
2018,1808,MARIA,2018-07-11 03:00:00,7,True,26.36684029783142,119.8684029783142,30.0,975.0,1,East China,East/North China,58.0,3,2018-07-03 00:00:00,10.1,148.0,Eastern Tropical WNP,4654.351785826834,3565.7342009661706,8.125,5.0,1.8162111203998008,5-6,True,4.0,0.0641274403528056,3-4,False,24042.254443873408,21.041096909251543,1142633.131132165,11,6734.316428982876,29.99406422324988,224521.63797671592,17307.938014890533,18.85167340123914,918111.4931554493
2018,1809,SON-TINH,2018-07-17 21:00:00,7,True,18.813629364649906,110.52266428184916,23.0,988.0,1,South China,South China,23.0,1,2018-07-16 00:00:00,18.8,125.3,Western Tropical WNP,3706.3043696426275,1565.84783823991,1.875,5.0,2.7771351820093506,5-6,True,5.0,2.679803686943315,5-6,True,30748.185358650742,47.81878744037166,643014.7438805855,9,28430.887519034863,71.93613354380355,395224.01494824083,2317.2978396158833,9.351834306313307,247790.7289323448
2018,1810,AMPIL,2018-07-22 06:00:00,7,True,31.69728961523114,121.80271038476886,25.0,982.0,1,East China,East/North China,28.0,1,2018-07-18 00:00:00,19.1,128.7,Western Tropical WNP,5128.05556636504,1978.455394448795,4.25,6.0,2.1713428652179005,5-6,True,5.0,2.7832979476283257,5-6,True,51941.74379294435,31.387958767381573,1654830.2544261753,9,30789.750235371794,36.74888682975205,837841.7114513598,21151.993557572547,25.890196061445362,816988.5429748152
2018,1812,JONGDARI,2018-08-03 06:00:00,8,True,30.70543663299516,121.29456336700484,20.0,990.0,1,East China,East/North China,42.0,2,2018-07-23 12:00:00,16.4,136.8,Western Tropical WNP,6404.122110688974,5563.43068744253,10.75,7.0,1.5503907495795963,7-8,True,6.0,2.1975635385688235,5-6,True,11586.566159289814,17.520562578752003,661312.4497121674,13,6520.666636414497,26.23158586800453,248580.72513137507,5065.899522875317,12.274073499003997,412731.7245807921
2018,1814,YAGI,2018-08-12 18:00:00,8,True,28.26249757001359,121.42857420569877,20.0,990.0,1,East China,East/North China,28.0,1,2018-08-07 00:00:00,19.0,133.3,Western Tropical WNP,3892.411897082676,2010.8727615927153,5.75,7.0,1.920233575074241,7-8,True,6.0,1.2954897921684272,5-6,True,39199.14760127139,31.955867970854882,1226665.0881466493,9,26628.898750508382,48.901827504272916,544537.9060359579,12570.248850763008,18.42801339754144,682127.1821106912
2018,1816,BEBINCA,2018-08-15 15:00:00,8,True,20.736663326312502,110.38331663156252,20.0,990.0,1,South China,South China,28.0,1,2018-08-09 00:00:00,16.9,111.7,South China Sea,2660.8622816105803,1550.9118415461567,6.625,7.0,0.9856548101635833,7-8,False,7.0,1.531575762237702,7-8,True,40698.427781339626,67.78227150029619,600428.7976858638,9,37650.95998863474,84.18826072299828,447223.39748194104,3047.467792704888,19.891386260853615,153205.4002039227
2018,1818,RUMBIA,2018-08-16 21:00:00,8,True,30.84594812924369,121.70486224490756,23.0,982.0,1,East China,East/North China,25.0,1,2018-08-14 06:00:00,23.4,128.4,North WNP,3384.3836689262953,1163.4056398720388,2.625,6.0,0.8039270437139231,5-6,False,6.0,1.5195579097471787,5-6,True,82348.37694294588,57.79884766804393,1424740.80825793,7,36929.562917327625,57.82636824899847,638628.4325916877,45418.81402561825,57.77649027230377,786112.3756662423
2018,1822,MANGKHUT,2018-09-16 09:00:00,9,True,21.83993222695584,112.6501694326104,42.0,960.0,2,South China,South China,65.0,3,2018-09-07 00:00:00,12.1,167.8,Eastern Tropical WNP,6937.52140174644,6184.129131423202,9.375,3.0,0.4143253672535038,3-4,False,8.0,1.0923893751189109,7-8,True,36826.04852244282,45.21065931689098,814543.4965750296,11,25683.47326007627,66.69227019882841,385104.198485171,11142.575262366545,25.946799261103028,429439.29808985855
2018,1823,BARIJAT,2018-09-13 03:00:00,9,True,21.247049376350148,110.63532718277447,20.0,998.0,1,South China,South China,25.0,1,2018-09-08 06:00:00,20.4,121.5,North WNP,1893.622928869579,1528.8389841144149,4.875,8.0,0.7006132321952077,7-8,False,8.0,1.046623290825316,7-8,True,2350.5146949624586,7.881324900389364,298238.5226684837,6,2154.7574499844272,8.27372329660033,260433.83042188716,195.7572449780312,5.178120316417989,37804.69224659655
2019,1904,MUN,2019-07-02 18:00:00,7,True,18.9,110.51403892103764,18.0,992.0,1,South China,South China,18.0,1,2019-07-02 00:00:00,18.4,113.3,South China Sea,1230.8426425460002,314.38999409407234,0.75,6.0,0.5982172948237796,5-6,False,6.0,0.5982172948237796,5-6,False,10890.790886166056,18.630678058374897,584562.2393367701,3,9182.107271613148,23.79449510547174,385892.08263980545,1708.6836145529107,8.600605359964547,198670.1566969647
2019,1907,WIPHA,2019-07-31 21:00:00,7,True,19.889358683630075,110.97871736726016,23.0,982.0,1,South China,South China,23.0,1,2019-07-30 06:00:00,17.8,115.4,South China Sea,1432.9734175712667,528.3559712706061,1.625,4.0,0.5771009730365941,3-4,False,4.0,0.3616377764651013,3-4,False,33774.98085404495,67.14179214234505,503039.608809365,5,32345.81696783606,89.88852323696653,359843.6797383483,1429.1638862088894,9.980478463882234,143195.92907101664
2019,1909,LEKIMA,2019-08-09 18:00:00,8,True,28.26237179189851,121.42822115607612,52.0,930.0,3,East China,East/North China,62.0,3,2019-08-03 18:00:00,15.8,131.5,Western Tropical WNP,3363.4309312405376,1767.6074928758233,6.0,4.0,1.6080948448071706,3-4,True,4.0,0.4324634288154138,3-4,False,75543.37771444418,75.13723428791405,1005405.3550197743,12,62842.473242253094,104.5953823776532,600814.9864145379,12700.904472191087,31.392008949633475,404590.3686052364
2019,1911,BAILU,2019-08-25 03:00:00,8,True,23.72073969692277,117.27096442430812,18.0,995.0,1,South China,South China,30.0,1,2019-08-20 00:00:00,13.5,133.8,Western Tropical WNP,2803.907921155271,2138.9852246084806,5.125,3.0,0.8962940813013115,3-4,False,1.0,0.8744663440236917,1-2,False,29114.024433538532,37.73157050089547,771609.1338643744,7,17910.191968473493,54.828032587642696,326661.21914631943,11203.832465065037,25.180098826093932,444947.91471805493
2019,1913,LINGLING,2019-09-07 18:00:00,9,True,41.32896747899809,126.41738048739886,20.0,985.0,1,North China,East/North China,55.0,3,2019-08-31 00:00:00,6.3,133.5,Western Tropical WNP,8117.929503031241,4313.694422188251,7.75,6.0,1.159262145113887,5-6,True,4.0,0.8443804039923571,3-4,False,20421.031743553718,29.02819899029227,703489.4500476244,12,14142.84497470644,28.32541257647043,499298.81644353265,6278.186768847271,30.746693215224255,204190.63360409182
2019,1914,KAJIKI,2019-09-02 03:00:00,9,True,18.8,110.52802547162314,18.0,995.0,1,South China,South China,18.0,1,2019-08-30 12:00:00,16.0,124.6,Western Tropical WNP,3292.2872687550926,1704.2889068142676,2.625,5.0,0.8456328820212067,5-6,False,5.0,0.9413732406280536,5-6,False,12249.408557030856,65.28862969280765,187619.3238342737,9,12247.61824805393,65.43760223034106,187164.83842030435,1.7903089769270315,3.9392000752918532,454.48541396932944
2020,2002,Nuri,2020-06-14 03:00:00,6,True,21.64171112502943,112.01657774994112,18.0,995.0,1,South China,South China,20.0,1,2020-06-10 00:00:00,11.8,125.7,Western Tropical WNP,2211.4111434672304,1896.9925839655377,4.125,3.0,0.7618475655102883,3-4,False,2.0,0.6594805531276047,1-2,False,6757.976666156931,12.448710550156743,542865.5955111624,5,4757.755322356833,14.348152526907358,331593.5841520033,2000.2213438000958,9.467516927264683,211272.0113591592
2020,2003,Sinlaku,2020-08-01 00:00:00,8,True,18.78325409972008,110.51674590027991,13.0,995.0,0,South China,South China,18.0,1,2020-07-31 06:00:00,16.9,113.5,South China Sea,1326.6771882020287,398.3226015232474,0.75,4.0,1.009422959503138,3-4,True,4.0,1.041425330281836,3-4,True,6532.216014278257,22.80880015121104,286390.1639267696,4,6530.623796567455,22.866836491595553,285593.6718210983,1.5922177108031181,1.9990376545682074,796.492105671235
2020,2004,Hagupit,2020-08-03 21:00:00,8,True,28.01061868928208,120.97362878643077,38.0,970.0,2,East China,East/North China,42.0,2,2020-07-31 18:00:00,18.9,129.5,Western Tropical WNP,7233.8021040532185,1368.7223904278892,3.125,4.0,0.7720356688508381,3-4,False,4.0,1.041425330281836,3-4,True,13706.939400919555,17.919381894652332,764922.5560068066,13,12408.901700575041,21.60542690865263,574341.8888707759,1298.0377003445124,6.810962097315007,190580.66713603065
2020,2006,Mekkhala,2020-08-11 00:00:00,8,True,24.00876857709849,117.8304104743005,38.0,975.0,2,East China,East/North China,38.0,2,2020-08-09 00:00:00,15.2,117.9,South China Sea,1184.7804826121092,998.6535774274126,2.0,5.0,0.8887544847055958,5-6,False,5.0,1.6901406133236805,5-6,True,6132.876561243146,12.731750385926446,481699.40309404506,3,3001.543435255881,14.06637863058589,213384.23442756862,3131.333125987265,11.670354462440413,268315.16866647644
2020,2007,Higos,2020-08-19 00:00:00,8,True,22.0511105166685,113.29851931110866,30.0,980.0,1,South China,South China,35.0,2,2020-08-16 06:00:00,17.5,123.2,Western Tropical WNP,1577.227432874127,1181.0659915156525,2.75,8.0,1.3754707109985218,7-8,True,8.0,1.3002530668275134,7-8,True,14020.611793068025,18.839195980891773,744225.5926043158,4,9375.263581395071,29.053879476114407,322685.42963780806,4645.348211672953,11.019942154460937,421540.1629665078
2020,2008,Bavi,2020-08-27 06:00:00,8,True,40.464458494951096,125.03718893198696,20.0,990.0,1,North China,East/North China,45.0,2,2020-08-21 00:00:00,20.5,123.3,North WNP,3113.7392281683415,2473.7181992434957,6.25,1.0,2.1406869669742425,1-2,True,8.0,1.298689238173102,7-8,True,35041.100761292335,33.41680627586083,1048607.1131999483,8,21764.69745288497,34.71780484213701,626903.0415906121,13276.403308407369,31.482748690903186,421704.0716093361
2020,2009,Maysak,2020-09-03 06:00:00,9,True,42.01459142029423,128.9142347632843,23.0,975.0,1,North China,East/North China,52.0,3,2020-08-28 00:00:00,17.2,130.9,Western Tropical WNP,4685.236315088603,3172.274779315024,6.25,4.0,0.8110838909844656,3-4,False,1.0,1.6901356372783314,1-2,True,57677.642857194274,55.186365080273866,1045142.9945294749,10,25326.85357519247,42.20235364367792,600128.9356757603,32350.789282001806,72.69610619793069,445014.0588537145
2020,2010,Haishen,2020-09-07 18:00:00,9,True,42.00029978818649,128.49595203389018,20.0,990.0,1,North China,East/North China,60.0,3,2020-08-31 00:00:00,23.7,147.3,North WNP,4442.652974623421,4006.9129426173245,7.75,3.0,0.6005291102986668,3-4,False,2.0,1.3489575595227177,1-2,True,29318.289616486836,40.43088878373328,725145.8105042346,9,17555.14917733047,48.497982642491166,361976.8951368639,11763.14043915637,32.39027334500018,363168.9153673706
2020,2016,Nangka,2020-10-13 12:00:00,10,True,19.153659439557284,110.57723426740452,25.0,988.0,1,South China,South China,25.0,1,2020-10-11 00:00:00,16.5,120.2,Western Tropical WNP,1594.7904287611723,1070.9385501864176,2.5,4.0,2.011256059927368,3-4,True,4.0,1.9219364051955476,3-4,True,8940.790338300407,35.975369639363834,248525.3224060691,4,8671.885495529377,36.96750774917488,234581.28566221608,268.9048427710286,19.284576461659878,13944.036743853032
2021,2104,Koguma,2021-06-12 03:00:00,6,True,18.4237672727462,110.07029090906724,18.0,995.0,1,South China,South China,20.0,1,2021-06-11 00:00:00,17.8,113.3,South China Sea,1262.18342647302,357.41482091878595,1.125,1.0,0.6557404005371041,1-2,False,8.0,0.3259419226249671,7-8,False,4086.307132508613,14.35920684305183,284577.4963180439,3,4074.1928313237613,14.73771616986074,276446.6885076577,12.114301184851092,1.4899259049483824,8130.807810386239
2021,2106,In-fa,2021-07-26 03:00:00,7,True,30.62661463548689,121.14677072902622,25.0,978.0,1,East China,East/North China,42.0,2,2021-07-16 12:00:00,18.8,134.8,Western Tropical WNP,3983.542387474573,2313.3895136339593,9.625,6.0,1.1961120538252488,5-6,True,4.0,1.065288891867121,3-4,True,91558.44861756958,66.25241188928875,1381964.0071454085,16,61078.26625635771,107.1215037687187,570177.453709286,30480.182361211857,37.54704020680761,811786.5534361224
2021,2107,Cempaka,2021-07-20 15:00:00,7,True,21.74894677645717,112.00210644708564,28.0,982.0,1,South China,South China,38.0,2,2021-07-17 12:00:00,19.0,116.1,South China Sea,1516.3684238669045,563.2766253515655,3.125,5.0,1.7073403092498818,5-6,True,4.0,1.117329779148743,3-4,True,23048.434035428378,35.28042818546665,653292.3555877621,8,18668.103753853655,49.289018570978875,378747.72708185634,4380.3302815747165,15.954893400802753,274544.6285059056
2021,2109,Lupit,2021-08-05 09:00:00,8,True,23.57831686485432,117.33495059456295,20.0,986.0,1,South China,South China,23.0,1,2021-08-02 12:00:00,20.9,111.8,North WNP,6840.438878410162,778.1868266805615,2.875,8.0,1.1390260184556082,7-8,True,8.0,1.594274774208034,7-8,True,28378.09249186574,47.88479639147104,592632.6230953815,14,24037.444109942866,60.2266509446684,399116.40001411695,4340.648381922876,22.430410809020795,193516.2230812646
2021,2117,Lionrock,2021-10-08 15:00:00,10,True,19.195754575352325,110.60424542464769,20.0,990.0,1,South China,South China,20.0,1,2021-10-06 12:00:00,15.7,112.2,South China Sea,1156.324896613417,435.90708229525023,2.125,5.0,1.7219028660853108,5-6,True,5.0,1.705223922478705,5-6,True,28788.97830811958,81.80912031745139,351904.26441950584,5,27120.830650826356,94.99730402429974,285490.52975112863,1668.1476572932252,25.117510190064817,66413.7346683772
2021,2118,Kompasu,2021-10-13 09:00:00,10,True,19.05646385742396,110.5646385742396,25.0,982.0,1,South China,South China,33.0,2,2021-10-08 00:00:00,13.9,133.8,Western Tropical WNP,3154.688938592086,2626.5636974698814,5.375,5.0,1.5117266102858284,5-6,True,5.0,1.7219028660853108,5-6,True,7055.118667687489,28.943661690460665,243753.49405126355,7,7052.108756507189,29.244977767778874,241139.13891488625,3.0099111802981744,1.1513015727729314,2614.3551363772976
2022,2203,Chaba,2022-07-02 09:00:00,7,True,21.45232762127633,111.04767237872368,30.0,970.0,1,South China,South China,38.0,2,2022-06-29 00:00:00,15.4,115.9,South China Sea,3364.5713781600048,860.9186991595985,3.375,4.0,0.9596129539534906,3-4,False,3.0,1.210188841733109,3-4,True,113702.5933033409,51.86522607444875,2192270.2725739423,9,56181.31587285718,70.31768223498553,798964.2730986517,57521.277430483715,41.284023360371556,1393305.9994752903
2022,2209,Ma-on,2022-08-25 03:00:00,8,True,21.4858036334343,111.359874913192,30.0,982.0,1,South China,South China,35.0,2,2022-08-21 00:00:00,17.6,127.9,Western Tropical WNP,2677.5048380761837,1947.5490747328324,4.125,2.0,1.5530709575212651,1-2,True,1.0,1.1164249755053983,1-2,True,14346.013557181093,21.866168677785552,656082.6347121161,6,12832.406012009822,27.713912824891615,463031.1891752878,1513.6075451712695,7.840436216171817,193051.4455368283
2022,2212,Muifa,2022-09-14 18:00:00,9,True,30.845796935648192,121.70240175105818,33.0,975.0,2,East China,East/North China,50.0,2,2022-09-06 06:00:00,21.5,136.7,North WNP,4552.871029321592,2871.2823735960787,8.5,1.0,0.6631363802310981,1-2,False,3.0,0.3082560913014972,3-4,False,28876.360843949173,41.22055608555729,700533.0249308978,11,27906.987486501373,51.689445410158505,539897.2123817143,969.3733574478016,6.0346030070411505,160635.81254918355
2022,2222,Nalgae,2022-11-02 21:00:00,11,False,22.247008305232846,113.58831949127858,15.0,1002.0,0,South China,South China,33.0,2,2022-10-26 06:00:00,12.5,133.6,Western Tropical WNP,2853.015371440801,2809.3684690318673,7.625,6.0,2.0531834218412737,5-6,True,6.0,1.887553468331485,5-6,True,4172.0284194521355,16.046977970790252,259988.41819601992,9,3615.70570915184,20.916077995288607,172867.28945867796,556.3227103002952,6.385623308181996,87121.12873734198
2023,2304,TALIM,2023-07-17 15:00:00,7,True,21.10709148142086,110.349640369946,33.0,970.0,2,South China,South China,40.0,2,2023-07-13 06:00:00,15.8,123.3,Western Tropical WNP,2105.825504599793,1601.291638917812,4.375,5.0,0.7689504836070956,5-6,False,4.0,0.6441655174942674,3-4,False,29316.642902011044,52.01568263408432,563611.6151400987,6,23704.5649496136,69.59748629988748,340595.1307993134,5612.0779523974425,25.164408671341903,223016.48434078527
2023,2305,DOKSURI,2023-07-28 03:00:00,7,True,24.551281531962086,118.63076942551422,38.0,965.0,2,East China,East/North China,62.0,3,2023-07-20 12:00:00,12.9,133.5,Western Tropical WNP,3881.5787073443867,2288.2226159933953,7.625,7.0,0.5878388596949556,7-8,False,5.0,0.6499624281871711,5-6,False,84349.4681591582,48.09372962567831,1753855.831428847,12,27881.687479454962,58.0610230460838,480213.50669837324,56467.78067970323,44.33566597408175,1273642.3247304736
2023,2309,SAOLA,2023-09-02 06:00:00,9,True,21.759027816280867,112.0229165511574,25.0,990.0,1,South China,South China,62.0,3,2023-08-23 00:00:00,19.0,126.3,Western Tropical WNP,2889.4031043365535,2468.429272903579,10.25,7.0,0.1926183992800607,7-8,False,8.0,1.5330581996279908,7-8,True,23188.987980862697,42.46770555784584,546038.1642063677,13,19286.86337529165,54.15430543399002,356146.4452498772,3902.1246055710444,20.549208922929008,189891.71895649063
2023,2311,HAIKUI,2023-09-03 09:00:00,9,True,22.9,121.25133086642929,42.0,955.0,2,South China,South China,48.0,2,2023-08-27 06:00:00,18.3,144.7,Eastern Tropical WNP,4245.529485660327,2580.7650433539307,7.125,5.0,0.3252207177964976,5-6,False,8.0,0.7575094249391845,7-8,False,53853.51519002053,68.87407087355332,781912.7649488122,15,47183.129363525244,111.43309408491852,423421.15464880614,6670.385826495286,18.606811525974425,358491.6103000061
2023,2316,SANBA,2023-10-20 03:00:00,10,True,21.15605895912671,109.7,20.0,998.0,1,South China,South China,25.0,1,2023-10-17 00:00:00,15.7,110.4,South China Sea,949.595561841565,751.6941438847167,3.125,1.0,1.241713163199207,1-2,True,1.0,1.365562040206532,1-2,True,22585.706910616187,64.04851120796309,352634.37798392,4,20458.409370694433,86.05010930414096,237749.9521631627,2127.297539921752,18.516848778447674,114884.4258207573
2024,2402,MALIKSI,2024-05-31 18:00:00,5,False,21.522660916702527,111.58066522917562,18.0,998.0,1,South China,South China,18.0,1,2024-05-30 06:00:00,18.1,112.0,South China Sea,1150.7273914599552,399.3161874171078,1.5,4.0,1.338949942284631,3-4,True,4.0,1.6942150591436675,3-4,True,29547.208144029475,37.043435572125766,797636.8197949488,4,21589.251011780347,55.14969025256059,391466.4055756499,7957.957132249127,19.59265582537599,406170.414219299
2024,2403,GAEMI,2024-07-24 18:00:00,7,True,24.307520868437635,121.76165275437492,45.0,950.0,2,East China,East/North China,55.0,3,2024-07-19 00:00:00,11.8,133.3,Western Tropical WNP,3221.7253048437524,2140.0380235817775,5.75,5.0,0.9026391102980836,5-6,False,5.0,1.1556780342327506,5-6,True,68169.11103298797,65.07839581197253,1047492.1851169365,10,27141.99245937795,95.98873090562536,282762.2805646169,41027.118573610045,53.64916204974059,764729.9045523196
2024,2404,PRAPIROON,2024-07-21 18:00:00,7,True,18.65996300077941,110.31202959937649,28.0,985.0,1,South China,South China,30.0,1,2024-07-19 06:00:00,14.1,118.1,South China Sea,1923.0200131483723,1103.25446534659,2.5,5.0,0.9278731422871958,5-6,False,5.0,1.1556780342327506,5-6,True,8549.652607959622,27.380736871647628,312250.6398581504,7,8377.455962682985,31.473170970252617,266177.6905352523,172.19664527663562,3.7374782341328086,46072.949322898115
2024,2411,YAGI,2024-09-06 09:00:00,9,True,19.759491667817063,111.00254166091467,60.0,920.0,3,South China,South China,62.0,3,2024-09-01 00:00:00,12.2,126.2,Western Tropical WNP,2797.1821566719077,1975.9805906102922,5.375,5.0,1.0035923309666668,5-6,True,4.0,1.1638528796056662,3-4,True,28737.338528908353,47.88943782292788,600076.7566987363,8,26738.36012767916,60.819788412824714,439632.57396076375,1998.9784012291911,12.459026978209602,160444.18273797256
2024,2413,BEBINCA,2024-09-16 00:00:00,9,True,30.87500031983488,121.88749888057792,42.0,965.0,2,East China,East/North China,42.0,2,2024-09-09 12:00:00,10.1,147.6,Eastern Tropical WNP,4458.687710450875,3644.6260925341485,6.5,5.0,1.8680231642282803,5-6,True,6.0,0.6575195198137154,5-6,False,20506.089271780438,35.44549312965289,578524.5869417884,10,9273.621085507863,37.08951722494987,250033.48059946054,11232.468186272577,34.1941318026643,328491.10634232796
2024,2414,PULASAN,2024-09-19 15:00:00,9,True,30.871350715138227,121.8858116060772,23.0,995.0,1,East China,East/North China,23.0,1,2024-09-15 12:00:00,13.4,144.0,Eastern Tropical WNP,8591.393705693528,3081.467875887848,4.125,6.0,1.5561210276230888,5-6,True,5.0,1.7849725418730875,5-6,True,7215.879761076415,15.04530295025599,479610.13380283176,10,6050.278245171479,22.67778344400544,266793.19255827833,1165.6015159049352,5.477014701407217,212816.94124455345
2024,2418,KRATHON,2024-10-03 06:00:00,10,True,22.529976725011657,120.32997672501166,38.0,965.0,2,South China,South China,60.0,3,2024-09-26 12:00:00,21.8,127.3,North WNP,1417.9091531036127,1365.92921286234,6.75,2.0,1.1294195576011752,1-2,True,8.0,1.0499216848713415,7-8,True,277.9127584043682,5.102453532877623,54466.49471938145,8,277.9127584043682,5.102453532877623,54466.49471938145,0.0,,0.0
2024,2421,KONG-REY,2024-10-31 06:00:00,10,True,23.044672373835976,121.33457976635252,48.0,945.0,2,South China,South China,60.0,3,2024-10-24 18:00:00,12.8,146.5,Eastern Tropical WNP,5750.268102828274,3081.6078707078395,6.5,7.0,1.7160728233503393,7-8,True,5.0,2.640542615153413,5-6,True,15708.656001136387,46.296370536611,339306.4255158845,10,14705.184985093523,61.25257392487294,240074.564101251,1003.4710160428679,10.112387309252757,99231.86141463349
